date/time,settlement id,type,order id,sku,description,quantity,marketplace,fulfillment,order city,order state,order postal,product sales,shipping credits,gift wrap credits,promotional rebates,sales tax collected,selling fees,fba fees,other transaction fees,other,total
"Jan 1, 2017 7:06:46 PM PST",6260890501,Order,112-9120682-3146641,DMBLDR-AQU,Dumbledore Harry Potter Inspirational Quote Vinyl Wall Decal Hogwarts [AQUA],1,amazon.com,Amazon,CAMPBELL,CA,95008-5530,22.99,1.02,0,-1.02,0,-3.45,-3.02,0,0,16.52
"Jan 2, 2017 1:05:22 AM PST",6260890501,Order,113-7669658-7858646,CUR&CURBLK,GMDdecals® Curiouser and Curiouser Alice In Wonderland Quote Decor Wall Decal [Glossy Black]- 24 inches x 10 inches -Adhesive High Glossy Vinyl [3mil],1,amazon.com,Amazon,Stevenson Ranch,CA,91381,14,0,0,0,0,-2.1,-3.02,0,0,8.88
"Jan 2, 2017 7:05:49 AM PST",6260890501,Transfer,,,"To your account ending in: 9429, Federal ACH Trace ID: 091000013761748",,,,,,,0,0,0,0,0,0,0,0,-836.56,-836.56
"Jan 2, 2017 1:11:15 PM PST",6260890501,Order,111-4615528-4193814,LevioSA-WHT,"GMDdecals Inspirational Wizard Hermione Harry Potter LevioSA Spell Inspirational Hogwarts Quote Vinyl Wall Decor Decal [GLOSSY WHITE]- 28"" x 12"" -Adhe",1,amazon.com,Amazon,BOCA RATON,FL,33434-2730,22.99,0,0,0,1.61,-3.45,-2.56,-0.05,0,18.54
"Jan 2, 2017 7:49:37 PM PST",6260890501,Order,105-9666331-3432235,TRUFFULATREESET5,CLEARANCE!! Dr Seuss Truffula Trees Assorted Set Vinyl Wall Decal Children Bedroom Nursery Décor Storybook Gift,1,amazon.com,Seller,Essex Jct,VT,05452-3049,48,4.79,0,0,0,-7.92,0,0,0,44.87
"Jan 2, 2017 7:49:37 PM PST",6260890501,Order,108-2682081-0038614,LTDKSIRIUS-BLK,Harry Potter Light & Dark Sirius Black Quote Vinyl Wall Decal Hogwarts [BLACK],1,amazon.com,Seller,STAFFORD,VA,22554-7863,20.99,4.54,0,0,0,-3.83,0,0,0,21.7
"Jan 2, 2017 7:49:38 PM PST",6260890501,Order,112-4625819-0181021,DMBLDR-BLK,GMDdecals Dumbledore Harry Potter Inspirational Hogwarts Quote Vinyl Wall  Decor Decal [GLOSSY BLACK]- 28 inches x 12 inches -Adhesive High Glossy Vin,1,amazon.com,Seller,MARTINSVILLE,INDIANA,46151-7302,22.99,4.54,0,0,0,-4.13,0,0,0,23.4
"Jan 2, 2017 7:49:39 PM PST",6260890501,Order,114-8856146-7268250,LTDKSIRIUS-CUST,GMDdecals Inspirational Wizard Harry Potter Light & Dark Sirius Black Quote Hogwarts Decor Wall Decal [CHOOSE COLOR]- 24 inches x 15 inches -Adhesive,1,amazon.com,Seller,Cedar Park,Texas,78613,20.99,4.59,0,0,0,-3.84,0,0,0,21.74
"Jan 2, 2017 7:49:39 PM PST",6260890501,Order,113-3687708-5434656,LTDKSIRIUS-BLK,Harry Potter Light & Dark Sirius Black Quote Vinyl Wall Decal Hogwarts [BLACK],1,amazon.com,Seller,WEST MONROE,LA,71291-1684,20.99,4.54,0,0,0,-3.83,0,0,0,21.7
"Jan 2, 2017 7:49:40 PM PST",6260890501,Order,108-8483147-8702601,SIXFANCY-BLKTUR,"Alice In Wonderland ""Six Impossible Things Before Breakfast"" Vinyl Wall Decal FANCY [Black & Turquoise] Cheshire Cat Quote Mad Hatter Storybook Home D",1,amazon.com,Seller,FEDERAL HEIGHTS,COLORADO,80260-6175,16,4.5,0,0,0,-2.46,0,0,0,18.04
"Jan 2, 2017 7:49:40 PM PST",6260890501,Order,109-8643430-9688223,DMBLDR-BLK,GMDdecals Dumbledore Harry Potter Inspirational Hogwarts Quote Vinyl Wall  Decor Decal [GLOSSY BLACK]- 28 inches x 12 inches -Adhesive High Glossy Vin,1,amazon.com,Seller,HEATH,OHIO,43056-1783,22.99,4.54,0,0,0,-4.13,0,0,0,23.4
"Jan 2, 2017 7:49:42 PM PST",6260890501,Order,109-7899766-2158601,CI-U396-O8H0,Alice Story Book Quote Set Vinyl Stairs or Wall Decal [Black] Cheshire Cat Qu...,1,amazon.com,Seller,PORTLAND,OR,97214-1950,32,4.71,0,0,0,-5.51,0,0,0,31.2
"Jan 2, 2017 7:49:42 PM PST",6260890501,Order,002-6566262-1097045,LTDKSIRIUS-GLD,Harry Potter Light & Dark Sirius Black Quote Vinyl Wall Decal Hogwarts [GOLD],1,amazon.com,Seller,AINSWORTH,NE,69210-1721,20.99,4.54,0,0,0,-3.83,0,0,0,21.7
"Jan 2, 2017 7:49:43 PM PST",6260890501,Order,105-0503459-4054606,DMBLDR-PUR,Dumbledore Harry Potter Inspirational Quote Vinyl Wall Decal Hogwarts [PURPLE],1,amazon.com,Seller,PORTLAND,OR,97213-3361,22.99,4.54,0,0,0,-4.13,0,0,0,23.4
"Jan 2, 2017 7:49:43 PM PST",6260890501,Order,002-9961904-1485053,96-3YGZ-59C7,"GMDdecals Harry Potter Ministry of Magic Bathroom Toilet Vinyl Wall Decor Decals [GLOSSY BLACK/GOLD]- 10"" x 11""-Adhesive High Glossy Vinyl [3mil]Made",1,amazon.com,Seller,SELDEN,NEW YORK,11784-2301,13.99,4.57,0,0,0,-2.78,0,0,0,15.78
"Jan 2, 2017 7:49:43 PM PST",6260890501,Order,111-1232954-3977066,C0-LVMK-Y8ST,GMDdecals® UNLESS Dr Seuss Quote Vinyl Wall Decal Lorax Truffula Trees Design Vinyl Quote Decor Wall Decal [GLOSSY BLACK]- 28 inches x 12 inches -Adhe,1,amazon.com,Seller,MADISON,WI,53716-1546,16,4.57,0,0,0,-3.09,0,0,0,17.48
"Jan 2, 2017 7:49:43 PM PST",6260890501,Order,104-5963737-5397859,ALICEQUOTES-WHT,"GMDdecals Alice In Wonderland Story Book Quote Set Vinyl Stair Decals or Wall Quote Decor Decals [GLOSSY WHITE]- 24"" x 2-4"" per quote -Adhesive High G",1,amazon.com,Seller,VACAVILLE,CA,95687-7215,34.99,4.59,0,0,0,-5.94,0,0,0,33.64
"Jan 2, 2017 7:49:44 PM PST",6260890501,Order,104-3439545-3760240,LTDKSIRIUS-BLK,Harry Potter Light & Dark Sirius Black Quote Vinyl Wall Decal Hogwarts [BLACK],1,amazon.com,Seller,OOLOGAH,OK,74053-4185,20.99,2.3,0,-2.1,0,-3.18,0,0,0,18.01
"Jan 2, 2017 7:49:44 PM PST",6260890501,Order,104-3439545-3760240,DMBLDR-BLK,GMDdecals Dumbledore Harry Potter Inspirational Hogwarts Quote Vinyl Wall  Decor Decal [GLOSSY BLACK]- 28 inches x 12 inches -Adhesive High Glossy Vin,1,amazon.com,Seller,OOLOGAH,OK,74053-4185,22.99,2.29,0,-2.3,0,-3.45,0,0,0,19.53
"Jan 2, 2017 7:49:45 PM PST",6260890501,Order,103-9289097-6897821,LTDKSIRIUS-BLK,Harry Potter Light & Dark Sirius Black Quote Vinyl Wall Decal Hogwarts [BLACK],1,amazon.com,Seller,CASPER,WY,82604-4054,20.99,4.54,0,0,0,-3.83,0,0,0,21.7
"Jan 2, 2017 7:49:45 PM PST",6260890501,Order,111-2529834-0194636,LTDKSIRIUS-WHT,GMDdecals Inspirational Wizard Harry Potter Light & Dark Sirius Black Quote Hogwarts Decor Wall Decal [GLOSSY WHITE]- 24 inches x 15 inches -Adhesive,1,amazon.com,Seller,Miami,Florida,33180,20.99,4.54,0,0,1.79,-3.83,0,-0.05,0,23.44
"Jan 2, 2017 7:49:46 PM PST",6260890501,Order,114-9025748-9833841,LTDKSIRIUS-BLK,Harry Potter Light & Dark Sirius Black Quote Vinyl Wall Decal Hogwarts [BLACK],1,amazon.com,Seller,Gray,GA,31032,20.99,4.54,0,0,0,-3.83,0,0,0,21.7
"Jan 2, 2017 7:49:46 PM PST",6260890501,Order,111-9819504-2937007,LTDKSIRIUS-BLK,Harry Potter Light & Dark Sirius Black Quote Vinyl Wall Decal Hogwarts [BLACK],1,amazon.com,Seller,HESPERIA,CA,92345-7200,20.99,4.54,0,0,0,-3.83,0,0,0,21.7
"Jan 2, 2017 7:49:47 PM PST",6260890501,Order,112-4107311-7749034,ANYPOSGINNY-BLK,"GMDdecals® Inspirational WizardHarry Potter Ginny Quidditch Snitch Inspirational Hogwarts Quote Vinyl Wall Decor Decal [GLOSSY BLACK]- 24"" x 12"" -Adhe",1,amazon.com,Seller,WARRENTON,VA,20187-2504,18.99,4.54,0,0,0,-3.53,0,0,0,20
"Jan 2, 2017 7:49:47 PM PST",6260890501,Order,002-3128214-2633053,DMBLDR-WHT,GMDdecals Dumbledore Harry Potter Inspirational Hogwarts Quote Vinyl Wall  Decor Decal [GLOSSY WHITE]- 28 inches x 12 inches -Adhesive High Glossy Vin,1,amazon.com,Seller,HILLSDALE,NEW YORK,12529-6129,22.99,4.54,0,0,0,-4.13,0,0,0,23.4
"Jan 2, 2017 7:49:49 PM PST",6260890501,Order,109-8209474-8378642,DMBLDR-WHT,GMDdecals Dumbledore Harry Potter Inspirational Hogwarts Quote Vinyl Wall  Decor Decal [GLOSSY WHITE]- 28 inches x 12 inches -Adhesive High Glossy Vin,1,amazon.com,Seller,NASHVILLE,TN,37214-1920,22.99,4.54,0,0,0,-4.13,0,0,0,23.4
"Jan 2, 2017 7:49:55 PM PST",6260890501,Order,002-9129410-1564234,96-3YGZ-59C7,"GMDdecals Harry Potter Ministry of Magic Bathroom Toilet Vinyl Wall Decor Decals [GLOSSY BLACK/GOLD]- 10"" x 11""-Adhesive High Glossy Vinyl [3mil]Made",1,amazon.com,Seller,Olympia,WA,98512-1813,13.99,4.57,0,0,0,-2.78,0,0,0,15.78
"Jan 2, 2017 8:35:59 PM PST",6260890501,Adjustment,111-3860242-7436212,PI-6U0R-KV33,FBA Inventory Reimbursement - Customer Return,1,,,,,,0,0,0,0,0,0,0,0,12.28,12.28
"Jan 3, 2017 6:58:06 AM PST",6262374901,Order,114-6271575-2225833,UT-PHBI-ZNXT,"""The World Is a Book""-St Augustine Vinyl Wall Decal",1,amazon.com,Seller,MILFORD,MA,01757-2113,16,4.54,0,0,0,-3.08,0,0,0,17.46
"Jan 3, 2017 6:58:08 AM PST",6262374901,Order,110-7870237-9190632,ANYPOSGINNY-BLK,"GMDdecals® Inspirational WizardHarry Potter Ginny Quidditch Snitch Inspirational Hogwarts Quote Vinyl Wall Decor Decal [GLOSSY BLACK]- 24"" x 12"" -Adhe",1,amazon.com,Seller,St Augustine,Florida,32086,18.99,4.54,0,0,1.65,-3.53,0,-0.05,0,21.6
"Jan 3, 2017 9:03:09 AM PST",6262374901,Adjustment,,,Balance Adjustment,,,,,,,0,0,0,0,0,0,0,0,-14.18,-14.18
"Jan 3, 2017 12:12:23 PM PST",6262374901,Order,110-4449590-6501016,BF-EPQK-OX8S,CUSTOM for LANE - Movie Quotes Customized Set,1,amazon.com,Seller,ARLINGTON,TX,76016-3855,42,4.49,0,0,0,-6.97,0,0,0,39.52
"Jan 3, 2017 1:11:24 PM PST",6262374901,Order,104-2222909-4009859,58-P5NK-DFU6,"GMDdecals Dr Seuss Quotes LARGE Assorted Sayings Vinyl Stairs or Wall Decal [GLOSSY BLACK]- 24"" wide by 2-4"" tall for EACH quote -Adhesive High Glossy",1,amazon.com,Amazon,VANCLEAVE,MS,39565-8309,34.99,0,0,0,0,-5.25,-3.02,0,0,26.72
"Jan 3, 2017 1:18:45 PM PST",6262374901,Order,107-9869630-1571451,UJ-PH5P-CHKX,Love Brings You Home Quote Vinyl Wall Decal Inspiring Home Décor Welcome Housewarming Wedding Anniversary Birthday Gift,1,amazon.com,Amazon,STOW,OH,44224-2255,12.8,0,0,0,0,-1.92,-3.02,0,0,7.86
"Jan 3, 2017 3:22:54 PM PST",6262374901,Order,115-2263361-3585057,HAGRID-BLK,GMDdecals Inspirational Wizard Hagrid Harry Potter Inspirational Vinyl Wall Quote Decor Decals [GLOSSY BLACK]- 24 inches x 15 inches -Adhesive High Gl,1,amazon.com,Amazon,SEATTLE,WA,98121-1335,20.99,0,0,0,0,-3.15,-3.02,0,0,14.82
"Jan 3, 2017 8:51:45 PM PST",6262374901,Order,116-2763368-7663468,LevioSA-BLK,"GMDdecals Inspirational Wizard Hermione Harry Potter LevioSA Spell Inspirational Hogwarts Quote Vinyl Wall Decor Decal [GLOSSY BLACK]- 28"" x 12"" -Adhe",1,amazon.com,Amazon,JORDAN,MN,55352-1446,22.99,0,0,0,0,-3.45,-3.02,0,0,16.52
"Jan 3, 2017 8:54:48 PM PST",6262374901,Order,103-5653817-0909814,PI-6U0R-KV33,GMDdecals Love and Coffee Inspired Quote Décor Wall Decal [BLACK]- 12 Inches x 24 Inches - Adhesive High Glossy Vinyl [3mil]Made In USA (Suggested: Ho,1,amazon.com,Amazon,BAYTOWN,TX,77521-2933,18,0,0,0,0,-2.7,-3.02,0,0,12.28
"Jan 3, 2017 10:45:12 PM PST",6262374901,Order,103-6744263-6776249,LOVEPATIENT-BLK,"GMDdecals Love Is Patient, Love Is Kind, Love Never Fails Inspirational  Quote Vinyl Wall  Decor Decal [GLOSSY BLACK]- 30 inches x 15 inches -Adhesive",1,amazon.com,Amazon,SHERMAN,NY,14781-9735,16,0,0,0,0,-2.4,-3.02,0,0,10.58
"Jan 3, 2017 11:23:39 PM PST",6262374901,Order,115-0747315-3837848,JOHN155-TURGRYFBA,John 15:5 'I am the vine' Bible Scripture Wall Decal [Turquoise & Grey] Scripture Christian Home Décor Welcome Housewarming Wedding Anniversary Birthd,1,amazon.com,Amazon,GROVE CITY,PA,16127-1702,16,0,0,0,0,-2.4,-3.02,0,0,10.58
"Jan 4, 2017 12:14:38 AM PST",6262374901,Service Fee,,,Cost of Advertising,,,,,,,0,0,0,0,0,0,0,-235.03,0,-235.03
"Jan 4, 2017 1:54:30 AM PST",6262374901,Order,114-9994959-5324242,UNLESS-ORG,UNLESS Dr Seuss Quote Vinyl Wall Decal Lorax Truffula Trees Design [Orange] Children Bedroom Nursery Décor Storybook Gift Storybook Gift,1,amazon.com,Amazon,NORTH CHARLESTON,SOUTH CAROLINA,29406-8061,14.4,0,0,0,0,-2.16,-3.02,0,0,9.22
"Jan 4, 2017 2:14:29 AM PST",6262374901,Order,116-0197758-1485872,7O-493Z-ZKKC,Dare To Dance The Tide Quote Vinyl Wall Decal Country Music Home Décor Welcome Housewarming Wedding Anniversary Birthday Gift,1,amazon.com,Amazon,SICKLERVILLE,NJ,08081-4103,12,0,0,0,0,-1.8,-3.02,0,0,7.18
"Jan 4, 2017 2:25:26 AM PST",6262374901,Order,107-5103100-5449028,LOVECOFFEE-WHT,"GMDdecals® Love and Coffee Inspired Quote Décor Wall Decal [WHITE] - 12"" x 24"" - Adhesive High Glossy Vinyl [3mil] **Made In USA** (Home Welcome House",1,amazon.com,Amazon,BRIDGEWATER,NJ,08807-2430,16.79,0,0,0,0,-2.52,-3.02,0,0,11.25
"Jan 4, 2017 3:03:56 AM PST",6262374901,Transfer,,,"To your account ending in: 9429, Federal ACH Trace ID: 091000016130981",,,,,,,0,0,0,0,0,0,0,0,-623.26,-623.26
"Jan 4, 2017 9:00:51 AM PST",6262374901,Order,113-6354245-0060260,FUNKYBBONKERS-WHT,GMDdecals® BONKERS FUNKY Alice in Wonderland Inspired Story Quote Vinyl Wall Decor Decals [GLOSSY WHITE]- 28 inches x 12 inches -Adhesive High Glossy,1,amazon.com,Amazon,SIMPSONVILLE,SC,29681-5276,22.99,0,0,0,0,-3.45,-3.02,0,0,16.52
"Jan 4, 2017 10:04:27 AM PST",6262374901,Adjustment,,SRNTYWIDE-WHT,FBA Inventory Reimbursement - Damaged:Warehouse,1,,,,,,0,0,0,0,0,0,0,0,10.58,10.58
"Jan 4, 2017 11:18:30 AM PST",6262374901,Order,115-7266170-7265831,DMBLDR-NVY,GMDdecals Dumbledore Harry Potter Inspirational Hogwarts Quote Vinyl Wall  Decor Decal [GLOSSY NAVY]- 28 inches x 12 inches -Adhesive High Glossy Viny,1,amazon.com,Amazon,AURORA,CO,80018-1598,22.99,0,0,0,0,-3.45,-3.02,0,0,16.52
"Jan 4, 2017 12:19:43 PM PST",6262374901,Order,109-9893692-3857000,JAMES117-NVY,Good and Perfect Gift From Above James 1:17 Scripture Vinyl Wall Decal [Navy] Nursery Décor Baby Newborn Child Bedroom,1,amazon.com,Amazon,ELBA,AL,36323-4703,16,1.49,0,-1.49,0,-2.4,-3.02,0,0,10.58
"Jan 4, 2017 2:55:30 PM PST",6262374901,Order,110-9291727-3991415,LevioSA-BLK,"GMDdecals Inspirational Wizard Hermione Harry Potter LevioSA Spell Inspirational Hogwarts Quote Vinyl Wall Decor Decal [GLOSSY BLACK]- 28"" x 12"" -Adhe",1,amazon.com,Amazon,WESTMORELAND,NY,13490-1512,22.99,0,0,0,0,-3.45,-3.02,0,0,16.52
"Jan 4, 2017 3:11:53 PM PST",6262374901,Order,104-4328225-0068229,UNLESS-ORG,UNLESS Dr Seuss Quote Vinyl Wall Decal Lorax Truffula Trees Design [Orange] Children Bedroom Nursery Décor Storybook Gift Storybook Gift,1,amazon.com,Amazon,APO,AP,96204-3097,14.4,0,0,0,0,-2.16,-3.02,0,0,9.22
"Jan 4, 2017 7:24:48 PM PST",6262374901,Order,102-8701462-0614636,DMBLDR-DKRED,Dumbledore Harry Potter Inspirational Quote Vinyl Wall Decal Hogwarts [DK RED],1,amazon.com,Amazon,OLYMPIA,WA,98513-5387,22.99,3.99,0,0,0,-3.45,-7.01,0,0,16.52
"Jan 4, 2017 7:59:53 PM PST",6262374901,Order,107-0864936-8825050,SN-31GR-ZWSC,Movie Quote Set LARGE Assorted Sayings Vinyl Stairs or Wall Decal [BLACK] Film Cinema Classic Famous Inspiring Home Décor Welcome Housewarming Wedding,1,amazon.com,Seller,MIDDLETOWN,NJ,07748-2520,32,4.64,0,0,0,-5.5,0,0,0,31.14
"Jan 4, 2017 7:59:54 PM PST",6262374901,Order,110-5650461-8034636,LTDKSIRIUS-BLK,Harry Potter Light & Dark Sirius Black Quote Vinyl Wall Decal Hogwarts [BLACK],2,amazon.com,Seller,HIGHLAND,CA,92346-3212,41.98,4.59,0,-4.2,0,-6.36,0,0,0,36.01
"Jan 4, 2017 7:59:54 PM PST",6262374901,Order,104-4749509-4226625,TY-G6HM-37AR,CLEARANCE!! Dr Seuss Truffula Trees Assorted Set Vinyl Wall Decal Children Bedroom Nursery Décor Storybook Gift,1,amazon.com,Seller,ODESSA,FL,33556-4241,48,4.79,0,0,3.7,-7.92,0,-0.11,0,48.46
"Jan 4, 2017 7:59:55 PM PST",6262374901,Order,116-2833286-6932268,SN-31GR-ZWSC,Movie Quote Set LARGE Assorted Sayings Vinyl Stairs or Wall Decal [BLACK] Film Cinema Classic Famous Inspiring Home Décor Welcome Housewarming Wedding,1,amazon.com,Seller,STROUDSBURG,PA,18360-8552,32,4.64,0,0,0,-5.5,0,0,0,31.14
"Jan 4, 2017 7:59:56 PM PST",6262374901,Order,113-5725697-8784242,SN-31GR-ZWSC,Movie Quote Set LARGE Assorted Sayings Vinyl Stairs or Wall Decal [BLACK] Film Cinema Classic Famous Inspiring Home Décor Welcome Housewarming Wedding,1,amazon.com,Seller,COVINGTON,GA,30016-5963,32,4.64,0,0,0,-5.5,0,0,0,31.14
"Jan 4, 2017 7:59:57 PM PST",6262374901,Order,108-3013118-4812242,LTDKSIRIUS-PUR,Harry Potter Light & Dark Sirius Black Quote Vinyl Wall Decal Hogwarts [PURPLE],1,amazon.com,Seller,CAVALIER,ND,58220-4910,20.99,4.54,0,0,0,-3.83,0,0,0,21.7
"Jan 4, 2017 7:59:59 PM PST",6262374901,Order,104-6044503-1453010,LTDKSIRIUS-GLD,Harry Potter Light & Dark Sirius Black Quote Vinyl Wall Decal Hogwarts [GOLD],1,amazon.com,Seller,WESTMINSTER,CO,80234-2558,20.99,4.54,0,0,0,-3.83,0,0,0,21.7
"Jan 4, 2017 8:00:01 PM PST",6262374901,Order,103-1595295-9541851,LTDKSIRIUS-BLK,Harry Potter Light & Dark Sirius Black Quote Vinyl Wall Decal Hogwarts [BLACK],1,amazon.com,Seller,BOZEMAN,MT,59715-9330,20.99,2.29,0,-2.1,0,-3.18,0,0,0,18
"Jan 4, 2017 8:00:01 PM PST",6262374901,Order,103-1595295-9541851,DMBLDR-BLK,GMDdecals Dumbledore Harry Potter Inspirational Hogwarts Quote Vinyl Wall  Decor Decal [GLOSSY BLACK]- 28 inches x 12 inches -Adhesive High Glossy Vin,1,amazon.com,Seller,BOZEMAN,MT,59715-9330,22.99,2.3,0,-2.3,0,-3.45,0,0,0,19.54
"Jan 4, 2017 11:34:39 PM PST",6262374901,Order,105-9660133-9620257,7O-493Z-ZKKC,Dare To Dance The Tide Quote Vinyl Wall Decal Country Music Home Décor Welcome Housewarming Wedding Anniversary Birthday Gift,1,amazon.com,Amazon,RUSSIAVILLE,IN,46979-9776,12,6.53,0,0,0,-1.8,-9.55,0,0,7.18
"Jan 4, 2017 11:36:08 PM PST",6262374901,Order,109-8328662-5889043,SRNTYWIDE-BLK,Serenity Prayer Wide Bible Scripture Quote Vinyl Wall Decal [Black] Bible Scripture Home Décor Welcome Housewarming Wedding Anniversary Birthday Gift,1,amazon.com,Amazon,HENRICO,VA,23231-1811,12,0,0,0,0,-1.8,-3.02,0,0,7.18
"Jan 5, 2017 2:37:13 AM PST",6262374901,Order,109-1449583-2301003,MN-GF43-S4B7,Good and Perfect Gift From Above James 1:17 Scripture Vinyl Wall Decal Nursery Décor Baby Newborn Child Bedroom,1,amazon.com,Amazon,Ellijay,GA,30540,16,0,0,0,0,-2.4,-3.02,0,0,10.58
"Jan 5, 2017 9:16:25 AM PST",6262374901,Order,107-4475244-7952206,B1-7YUJ-I6Y8,"GMDdecals® ""There is no place like home"" Dorothy Quote Wizard of Oz Quote Vinyl Wall Decor Decals [GLOSSY BLACK]- 28"" x 12"" -Adhesive High Glossy Viny",1,amazon.com,Amazon,NEWARK,CA,94560-4503,16,0,0,0,0,-2.4,-3.02,0,0,10.58
"Jan 5, 2017 9:41:50 AM PST",6262374901,Order,114-2905215-8517002,CUR&CURBLK,GMDdecals® Curiouser and Curiouser Alice In Wonderland Quote Decor Wall Decal [Glossy Black]- 24 inches x 10 inches -Adhesive High Glossy Vinyl [3mil],1,amazon.com,Amazon,DANA POINT,CA,92629-2652,14,1.81,0,-1.81,0,-2.1,-3.02,0,0,8.88
"Jan 5, 2017 2:20:21 PM PST",6262374901,Order,112-6403767-4712263,CUR&CURBLK,GMDdecals® Curiouser and Curiouser Alice In Wonderland Quote Decor Wall Decal [Glossy Black]- 24 inches x 10 inches -Adhesive High Glossy Vinyl [3mil],1,amazon.com,Amazon,Fort Ashby,WV,26719,14,3.99,0,0,0,-2.1,-7.01,0,0,8.88
"Jan 5, 2017 2:23:25 PM PST",6262374901,Order,108-7492427-6601838,ANYPOSGINNY-WHT,"GMDdecals® Inspirational Wizard Harry Potter Ginny Quidditch Snitch Hogwarts Quote Vinyl Wall Decor Decal [GLOSSY WHITE] 24 "" x 12"" Adhesive Glossy Vi",1,amazon.com,Amazon,Staunton,VA,24401-5423,18,0,0,0,0,-2.7,-3.02,0,0,12.28
"Jan 5, 2017 2:48:14 PM PST",6262374901,Order,103-0301509-8501833,LA-OBN0-5874,Country Love Quote Vinyl Wall Decal Ride the Clouds Country Song Home Décor W...,1,amazon.com,Amazon,TORRANCE,CA,90505-5854,14,5.93,0,0,0,-2.1,-8.95,0,0,8.88
"Jan 5, 2017 9:48:55 PM PST",6262374901,Order,103-0309790-6377879,JOHN155-TURGRYFBA,John 15:5 'I am the vine' Bible Scripture Wall Decal [Turquoise & Grey] Scripture Christian Home Décor Welcome Housewarming Wedding Anniversary Birthd,1,amazon.com,Amazon,TUCSON,AZ,85710-4160,16,0,0,0,0,-2.4,-3.02,0,0,10.58
"Jan 5, 2017 10:41:27 PM PST",6262374901,Order,104-8452798-5390639,MN-GF43-S4B7,Good and Perfect Gift From Above James 1:17 Scripture Vinyl Wall Decal Nursery Décor Baby Newborn Child Bedroom,1,amazon.com,Amazon,CHESTER,NJ,07930-2653,16,0,0,0,0,-2.4,-3.02,0,0,10.58
"Jan 6, 2017 12:40:46 AM PST",6262374901,Adjustment,,0Z-0D15-Y80E,FBA Inventory Reimbursement - Lost:Warehouse,1,,,,,,0,0,0,0,0,0,0,0,39.48,39.48
"Jan 6, 2017 5:05:42 AM PST",6262374901,Order,102-4143851-9801831,ALICEQUOTES-MIX,Alice Story Book Quote Set Vinyl Stairs or Wall Decal [Yellow/Merlot/Green/Purple] Cheshire Cat Quote Mad Hatter Storybook Home Décor Welcome Housewar,1,amazon.com,Amazon,Minot,ND,58703,34.99,0,0,0,0,-5.25,-3.02,0,0,26.72
"Jan 6, 2017 6:11:36 PM PST",6262374901,Order,115-8558760-9923409,K0-TS0V-2QDX,Dr Seuss Those Who Matter Dont Mind Quote Vinyl Wall Decal Children Bedroom N...,1,amazon.com,Seller,SMITHVILLE,TX,78957-2158,14,4.74,0,0,0,-2.81,0,0,0,15.93
"Jan 6, 2017 6:11:36 PM PST",6262374901,Order,110-1941903-8573052,HPMM-REDGLD,"GMDdecals Harry Potter Ministry of Magic Bathroom Toilet Vinyl Wall Decor Decals [GLOSSY RED/GOLD]- 10"" x 11""-Adhesive High Glossy Vinyl [3mil]Made In",1,amazon.com,Seller,MISSOULA,MT,59802-4818,13.99,4.58,0,0,0,-2.79,0,0,0,15.78
"Jan 6, 2017 6:11:37 PM PST",6262374901,Order,110-4512369-4319426,SIXFANCY-BLKTUR,"Alice In Wonderland ""Six Impossible Things Before Breakfast"" Vinyl Wall Decal FANCY [Black & Turquoise] Cheshire Cat Quote Mad Hatter Storybook Home D",1,amazon.com,Seller,Center Valley,PA,18034,16,4.5,0,0,0,-2.46,0,0,0,18.04
"Jan 6, 2017 6:11:37 PM PST",6262374901,Order,108-6817348-8569009,DMBLDR-BLK,GMDdecals Dumbledore Harry Potter Inspirational Hogwarts Quote Vinyl Wall  Decor Decal [GLOSSY BLACK]- 28 inches x 12 inches -Adhesive High Glossy Vin,1,amazon.com,Seller,ROSEVILLE,MN,55113-1674,22.99,4.54,0,0,0,-4.13,0,0,0,23.4
"Jan 6, 2017 6:11:37 PM PST",6262374901,Order,116-7773040-8777008,SN-31GR-ZWSC,Movie Quote Set LARGE Assorted Sayings Vinyl Stairs or Wall Decal [BLACK] Film Cinema Classic Famous Inspiring Home Décor Welcome Housewarming Wedding,1,amazon.com,Seller,BUENA PARK,CA,90620-3760,32,4.64,0,0,0,-5.5,0,0,0,31.14
"Jan 6, 2017 6:11:37 PM PST",6262374901,Order,115-1089398-7983461,96-3YGZ-59C7,"GMDdecals Harry Potter Ministry of Magic Bathroom Toilet Vinyl Wall Decor Decals [GLOSSY BLACK/GOLD]- 10"" x 11""-Adhesive High Glossy Vinyl [3mil]Made",1,amazon.com,Seller,harrisonburg,va,22801,13.99,4.57,0,0,0,-2.78,0,0,0,15.78
"Jan 6, 2017 6:11:38 PM PST",6262374901,Order,112-0186087-1965012,LOVECOFFEE-CUST,"GMDdecals Love and Coffee Inspired Quote Décor Wall Decal [CUSTOM COLOR]- 12"" x 24"" - Adhesive High Glossy Vinyl [3mil]Made In USA (Home Welcome House",1,amazon.com,Seller,ROCK,MI,49880-9609,20.99,4.56,0,0,0,-3.83,0,0,0,21.72
"Jan 6, 2017 6:11:39 PM PST",6262374901,Order,110-6804559-6622606,FAITHPOS-SIL,GMDdecals® Anything is Possible Faith Luke Bible Scripture Quote Vinyl Wall Decor Decals [GLOSSY GREY]- 36 inches x 12 inches -Adhesive High Glossy Vi,1,amazon.com,Seller,Midland,TX,79707,18,4.59,0,0,0,-3.39,0,0,0,19.2
"Jan 6, 2017 6:11:39 PM PST",6262374901,Order,115-5044433-5933829,LTDKSIRIUS-BLK,Harry Potter Light & Dark Sirius Black Quote Vinyl Wall Decal Hogwarts [BLACK],1,amazon.com,Seller,PHOENIXVILLE,PA,19460-1306,20.99,4.54,0,0,0,-3.83,0,0,0,21.7
"Jan 6, 2017 6:11:40 PM PST",6262374901,Order,111-3627225-3197800,TRUFFULATREESET5,CLEARANCE!! Dr Seuss Truffula Trees Assorted Set Vinyl Wall Decal Children Bedroom Nursery Décor Storybook Gift,1,amazon.com,Seller,HAVRE DE GRACE,MD,21078-2575,48,4.79,0,0,0,-7.92,0,0,0,44.87
"Jan 6, 2017 6:11:43 PM PST",6262374901,Order,112-6548651-5335417,FUNKYBBONKERS-PUR,GMDdecals BONKERS FUNKY Alice in Wonderland Inspired Story Quote Vinyl Wall Decor Decals [GLOSSY PURPLE]- 28 inches x 12 inches -Adhesive High Glossy,1,amazon.com,Seller,CLEVELAND,OH,44135-4422,22.99,4.59,0,0,0,-4.14,0,0,0,23.44
"Jan 7, 2017 1:52:06 AM PST",6262374901,Adjustment,,QL-C161-KJLL,FBA Inventory Reimbursement - Lost:Warehouse,1,,,,,,0,0,0,0,0,0,0,0,12.28,12.28
"Jan 7, 2017 4:02:46 PM PST",6262374901,Order,116-7573547-1073028,CUR&CURBLK,GMDdecals® Curiouser and Curiouser Alice In Wonderland Quote Decor Wall Decal [Glossy Black]- 24 inches x 10 inches -Adhesive High Glossy Vinyl [3mil],1,amazon.com,Amazon,MURFREESBORO,TN,37128,14,0,0,0,0,-2.1,-3.02,0,0,8.88
"Jan 8, 2017 5:53:12 AM PST",6265974051,Order,113-0796799-9194660,LevioSA-BLK,"GMDdecals Inspirational Wizard Hermione Harry Potter LevioSA Spell Inspirational Hogwarts Quote Vinyl Wall Decor Decal [GLOSSY BLACK]- 28"" x 12"" -Adhe",1,amazon.com,Amazon,South San Francisco,CA,94080-4164,22.99,0,0,0,0,-3.45,-3.02,0,0,16.52
"Jan 8, 2017 11:37:42 AM PST",6265974051,Order,116-0535227-7755426,ALICEQUOTES-MIX,Alice Story Book Quote Set Vinyl Stairs or Wall Decal [Yellow/Merlot/Green/Purple] Cheshire Cat Quote Mad Hatter Storybook Home Décor Welcome Housewar,1,amazon.com,Amazon,FALLSINGTON,PA,19054-1101,34.99,5.99,0,0,0,-5.25,-9.01,0,0,26.72
"Jan 8, 2017 11:44:39 PM PST",6265974051,FBA Inventory Fee,,,FBA Inventory Storage Fee,,,,,,,0,0,0,0,0,0,0,0,-19.64,-19.64
"Jan 9, 2017 5:00:39 AM PST",6265974051,Transfer,,,"To your account ending in: 9429, Federal ACH Trace ID: 091000013187919",,,,,,,0,0,0,0,0,0,0,0,-745.63,-745.63
"Jan 9, 2017 12:14:27 PM PST",6265974051,Adjustment,103-7056632-7261039,LOVECOFFEE-BRW,FBA Inventory Reimbursement - Customer Return,1,,,,,,0,0,0,0,0,0,0,0,10.58,10.58
"Jan 9, 2017 2:15:21 PM PST",6265974051,Order,113-7022663-4286637,LevioSA-WHT,"GMDdecals Inspirational Wizard Hermione Harry Potter LevioSA Spell Inspirational Hogwarts Quote Vinyl Wall Decor Decal [GLOSSY WHITE]- 28"" x 12"" -Adhe",1,amazon.com,Amazon,brunswick,MD,21716,22.99,6.56,0,0,0,-3.45,-9.12,0,0,16.98
"Jan 9, 2017 5:46:31 PM PST",6265974051,Order,103-9043899-9921046,ANYPOSGINNY-WHT,"GMDdecals® Inspirational Wizard Harry Potter Ginny Quidditch Snitch Hogwarts Quote Vinyl Wall Decor Decal [GLOSSY WHITE] 24 "" x 12"" Adhesive Glossy Vi",1,amazon.com,Amazon,SCOTIA,NY,12302-2900,18,0,0,0,0,-2.7,-3.02,0,0,12.28
"Jan 9, 2017 7:49:42 PM PST",6265974051,Order,104-6567699-4002665,BOWBROSGLD-03,Bows Before Brows Onesie Black with Gold Glitter Infant One-piece Bodysuit Sparkly (Newborn),2,amazon.com,Seller,MOORE,OK,73160-1841,32,4.49,0,-3.2,0,-5,0,0,0,28.29
"Jan 9, 2017 7:49:43 PM PST",6265974051,Order,115-8754044-3399422,LOVEANCHOR-BLKDKRED,Love Is the Anchor Quote Vinyl Wall Decal [Black & Dk Red] Inspiring Home Décor Welcome Housewarming Wedding Anniversary Birthday Gift,1,amazon.com,Seller,CAPE CORAL,FL,33904-5077,22,4.5,0,0,1.86,-3.98,0,-0.05,0,24.33
"Jan 9, 2017 7:49:43 PM PST",6265974051,Order,104-9018183-1050629,LTDKSIRIUS-BLK,Harry Potter Light & Dark Sirius Black Quote Vinyl Wall Decal Hogwarts [BLACK],1,amazon.com,Seller,LONGMONT,CO,80504-6241,20.99,4.54,0,0,0,-3.83,0,0,0,21.7
"Jan 9, 2017 7:49:44 PM PST",6265974051,Order,104-4767020-2563450,LTDKSIRIUS-BLK,Harry Potter Light & Dark Sirius Black Quote Vinyl Wall Decal Hogwarts [BLACK],1,amazon.com,Seller,WASHINGTON,DC,20012-1415,20.99,4.54,0,0,0,-3.83,0,0,0,21.7
"Jan 9, 2017 7:49:45 PM PST",6265974051,Order,106-5215889-9570649,DMBLDR-BLK,"GMDdecals ""It's Our Choices That Show Who We Really Are"" Inspirational Wizard Potter Dumbledore Quote -Vinyl Wall Decor Decal- [GLOSSY BLACK]- 28"" x 1",1,amazon.com,Seller,Snyder,NY,14226,22.99,4.54,0,0,0,-4.13,0,0,0,23.4
"Jan 9, 2017 7:49:45 PM PST",6265974051,Order,106-5391193-9694638,LTDKSIRIUS-AQU,Harry Potter Light & Dark Sirius Black Quote Vinyl Wall Decal Hogwarts [AQUA],1,amazon.com,Seller,NEW WILMINGTON,PA,16142-2606,20.99,4.54,0,0,0,-3.83,0,0,0,21.7
"Jan 9, 2017 7:49:46 PM PST",6265974051,Order,106-2532315-2895414,HPQUOTESET-BLK,ONEliners Collection by GMDdecals -Magic Potter Wizard Set- Vinyl Wall/Stairs Decals [GLOSSY BLACK],1,amazon.com,Seller,SLIDELL,LA,70461-4834,36.99,4.68,0,0,0,-6.25,0,0,0,35.42
"Jan 9, 2017 7:49:46 PM PST",6265974051,Order,116-4044279-9945857,JESUSGRM-TUR,GMDdecals® Jesus And Germs Are Everywhere Quote Vinyl Wall Decor Decal [GLOSSY TURQUOISE]- 24 inches x 15 inches -Adhesive High Glossy Vinyl [3mil] **,1,amazon.com,Seller,Mckinney,Texas,75071,15.99,4.59,0,0,0,-3.09,0,0,0,17.49
"Jan 9, 2017 7:49:47 PM PST",6265974051,Order,110-2860707-3564222,LTDKSIRIUS-BLK,Harry Potter Light & Dark Sirius Black Quote Vinyl Wall Decal Hogwarts [BLACK],1,amazon.com,Seller,MIAMI BEACH,FL,33139-1449,20.99,4.54,0,0,1.79,-3.83,0,-0.05,0,23.44
"Jan 9, 2017 7:49:47 PM PST",6265974051,Order,113-0787710-9220266,LTDKSIRIUS-BLK,"GMDdecals ""We've All Got Light and Dark""Inspirational Wizard Potter Hagrid Quote -Vinyl Wall Decal Decor- [GLOSSY BLACK]- 24"" x 15""",1,amazon.com,Seller,South San Francisco,CA,94080-4164,20.99,4.54,0,0,0,-3.83,0,0,0,21.7
"Jan 9, 2017 7:49:49 PM PST",6265974051,Order,106-7853452-5601858,LTDKSIRIUS-BLK,"GMDdecals ""We've All Got Light and Dark""Inspirational Wizard Potter Hagrid Quote -Vinyl Wall Decal Decor- [GLOSSY BLACK]- 24"" x 15""",1,amazon.com,Seller,ROCKFORD,IL,61114-8164,20.99,2.3,0,-2.1,0,-3.18,0,0,0,18.01
"Jan 9, 2017 7:49:49 PM PST",6265974051,Order,106-7853452-5601858,DMBLDR-BLK,"GMDdecals ""It's Our Choices That Show Who We Really Are"" Inspirational Wizard Potter Dumbledore Quote -Vinyl Wall Decor Decal- [GLOSSY BLACK]- 28"" x 1",1,amazon.com,Seller,ROCKFORD,IL,61114-8164,22.99,2.29,0,-2.3,0,-3.45,0,0,0,19.53
"Jan 9, 2017 7:49:49 PM PST",6265974051,Order,112-5602890-6700209,QP-0K37-40D1,Wizard of Oz Quotes Assorted Sayings Vinyl Wall Decal or Stairs Decal Dorothy...,1,amazon.com,Seller,CLEVELAND,MS,38732,32,4.57,0,0,0,-5.49,0,0,0,31.08
"Jan 9, 2017 7:49:49 PM PST",6265974051,Order,102-1211089-2377828,CI-U396-O8H0,Alice Story Book Quote Set Vinyl Stairs or Wall Decal [Black] Cheshire Cat Qu...,1,amazon.com,Seller,SCHNECKSVILLE,PA,18078-2552,32,4.71,0,0,0,-5.51,0,0,0,31.2
"Jan 9, 2017 7:49:50 PM PST",6265974051,Order,105-7489255-5545866,LOVECOFFEEES-BLK,"El amor y el café inspried Cita de decoración de la pared Decal [NEGRO] - 12inches x 24 pulgadas - Vinilo adhesivo brillante [3mil] Fácil aplicación,",1,amazon.com,Seller,COLUMBUS,GA,31909-5674,18,4.5,0,0,0,-3.38,0,0,0,19.12
"Jan 9, 2017 7:49:51 PM PST",6265974051,Order,105-0983131-3062660,C0-LVMK-Y8ST,GMDdecals® UNLESS Dr Seuss Quote Vinyl Wall Decal Lorax Truffula Trees Design Vinyl Quote Decor Wall Decal [GLOSSY BLACK]- 28 inches x 12 inches -Adhe,1,amazon.com,Seller,SUMNER,MI,48889-9754,16,4.57,0,0,0,-3.09,0,0,0,17.48
"Jan 9, 2017 7:49:51 PM PST",6265974051,Order,108-9232909-8445824,DMBLDR-WHT,"GMDdecals ""It's Our Choices That Show Who We Really Are"" Inspirational Wizard Potter Dumbledore Quote -Vinyl Wall Decor Decal- [GLOSSY WHITE]- 28"" x 1",1,amazon.com,Seller,OAK RIDGE,TN,37830-6611,22.99,2.3,0,-2.3,0,-3.45,0,0,0,19.54
"Jan 9, 2017 7:49:51 PM PST",6265974051,Order,108-9232909-8445824,LTDKSIRIUS-WHT,"GMDdecals ""We've All Got Light and Dark""Inspirational Wizard Potter Hagrid Quote Decor -Vinyl Wall Decal- [GLOSSY WHITE]- 24"" x 15""",1,amazon.com,Seller,OAK RIDGE,TN,37830-6611,20.99,2.29,0,-2.1,0,-3.18,0,0,0,18
"Jan 9, 2017 7:49:51 PM PST",6265974051,Order,116-1286907-4448252,UT-PHBI-ZNXT,"""The World Is a Book""-St Augustine Vinyl Wall Decal",1,amazon.com,Seller,CHESAPEAKE,VA,23320-8278,16,4.54,0,0,0,-3.08,0,0,0,17.46
"Jan 9, 2017 7:49:52 PM PST",6265974051,Order,102-1850004-5269049,CI-U396-O8H0,Alice Story Book Quote Set Vinyl Stairs or Wall Decal [Black] Cheshire Cat Qu...,1,amazon.com,Seller,Stockton,CA,95209-4153,32,4.71,0,0,0,-5.51,0,0,0,31.2
"Jan 9, 2017 7:49:53 PM PST",6265974051,Order,115-0976576-9456264,HAGRID-SIL,GMDdecals Inspirational Wizard Hagrid Harry Potter Inspirational Vinyl Wall Quote Decor Decals [GLOSSY SILVER]- 24 inches x 15 inches -Adhesive High G,1,amazon.com,Seller,Woodridge,IL,60517,20.99,4.59,0,0,0,-3.84,0,0,0,21.74
"Jan 9, 2017 10:41:30 PM PST",6265974051,Adjustment,,,Balance Adjustment,,,,,,,0,0,0,0,0,0,0,0,660.37,660.37
"Jan 10, 2017 9:39:50 AM PST",6265974051,Order,107-2779057-5782646,LevioSA-SIL,"GMDdecals Inspirational Wizard Hermione Harry Potter LevioSA Spell Inspirational Hogwarts Quote Vinyl Wall Decor Decal [GLOSSY SILVER]- 28"" x 12"" -Adh",1,amazon.com,Amazon,Highlands Ranch,CO,80126,22.99,0,0,0,0,-3.45,-3.02,0,0,16.52
"Jan 10, 2017 10:49:55 AM PST",6265974051,Order,106-4389431-3013833,ALICEQUOTES-MIX,Alice Story Book Quote Set Vinyl Stairs or Wall Decal [Yellow/Merlot/Green/Purple] Cheshire Cat Quote Mad Hatter Storybook Home Décor Welcome Housewar,1,amazon.com,Amazon,Coatesville,PA,19320,34.99,0,0,0,0,-5.25,-3.02,0,0,26.72
"Jan 10, 2017 3:01:46 PM PST",6265974051,Order,103-2414466-4858631,E6-O888-X5NS,GMDdecals® Inspiring Wake up Every Morning Quote Bedroom Decor Wall Decal [Red & Black]- 12 inches x 20 inches -Adhesive High Glossy Vinyl [3mil] **Ma,1,amazon.com,Amazon,CENTRALIA,WASHINGTON,98531-2210,15,0,0,0,0,-2.25,-3.02,0,0,9.73
"Jan 10, 2017 7:01:40 PM PST",6265974051,Order,109-4779982-3666642,LevioSA-TUR,"GMDdecals Inspirational Wizard Hermione Harry Potter LevioSA Spell Inspirational Hogwarts Quote Vinyl Wall Decor Decal [GLOSSY TURQUOISE]- 28"" x 12""-A",1,amazon.com,Amazon,SAVANNAH,GA,31410-5138,22.99,0,0,0,0,-3.45,-3.02,0,0,16.52
"Jan 11, 2017 2:41:04 PM PST",6268768321,Order,112-0112572-9476279,HC-67GF-CU2R,Happy Girls Are Prettiest Audrey Hepburn Quote Vinyl Wall Decal Inspiring Girly Home Décor Welcome Housewarming Wedding Anniversary Birthday Gift,1,amazon.com,Amazon,WEST LINN,OR,97068-2758,14,0,0,0,0,-2.1,-3.02,0,0,8.88
"Jan 11, 2017 5:26:25 PM PST",6268768321,Adjustment,109-0881978-3378649,PI-6U0R-KV33,FBA Inventory Reimbursement - Customer Return,1,,,,,,0,0,0,0,0,0,0,0,12.28,12.28
"Jan 11, 2017 8:47:02 PM PST",6268768321,Order,111-1633531-0065059,TY-G6HM-37AR,CLEARANCE!! Dr Seuss Truffula Trees Assorted Set Vinyl Wall Decal Children Bedroom Nursery Décor Storybook Gift,1,amazon.com,Seller,IRVING,TX,75063-3506,48,4.79,0,0,0,-7.92,0,0,0,44.87
"Jan 11, 2017 8:47:02 PM PST",6268768321,Order,105-0316555-0848259,TY-G6HM-37AR,CLEARANCE!! Dr Seuss Truffula Trees Assorted Set Vinyl Wall Decal Children Bedroom Nursery Décor Storybook Gift,1,amazon.com,Seller,BOTHELL,WA,98012-7093,48,4.79,0,0,0,-7.92,0,0,0,44.87
"Jan 11, 2017 8:47:03 PM PST",6268768321,Order,108-2709123-8646628,CI-U396-O8H0,Alice Story Book Quote Set Vinyl Stairs or Wall Decal [Black] Cheshire Cat Qu...,1,amazon.com,Seller,MEXICO,MO,65265-3202,32,4.71,0,0,0,-5.51,0,0,0,31.2
"Jan 11, 2017 8:47:03 PM PST",6268768321,Order,110-5066541-4075404,LTDKSIRIUS-BLK,"GMDdecals ""We've All Got Light and Dark""Inspirational Wizard Potter Hagrid Quote -Vinyl Wall Decal Decor- [GLOSSY BLACK]- 24"" x 15""",1,amazon.com,Seller,LOS ANGELES,CA,90022-2630,20.99,4.54,0,0,0,-3.83,0,0,0,21.7
"Jan 11, 2017 8:47:03 PM PST",6268768321,Order,112-0602282-5546649,LTDKSIRIUS-BLU,"GMDdecals ""We've All Got Light and Dark""Inspirational Wizard Potter Hagrid Quote Decor -Vinyl Wall Decal- [GLOSSY ROYAL]- 24"" x 15""",1,amazon.com,Seller,ASHLAND,KY,41101-6240,20.99,4.59,0,0,0,-3.84,0,0,0,21.74
"Jan 11, 2017 8:47:04 PM PST",6268768321,Order,110-7162102-7071401,DMBLDR-GLD,Dumbledore Harry Potter Inspirational Quote Vinyl Wall Decal Hogwarts [GOLD],1,amazon.com,Seller,LIVERMORE,CA,94550-2312,22.99,4.54,0,0,0,-4.13,0,0,0,23.4
"Jan 11, 2017 8:47:05 PM PST",6268768321,Order,112-8016581-3621053,SN-31GR-ZWSC,Movie Quote Set LARGE Assorted Sayings Vinyl Stairs or Wall Decal [BLACK] Film Cinema Classic Famous Inspiring Home Décor Welcome Housewarming Wedding,1,amazon.com,Seller,JONESVILLE,MI,49250-1255,32,4.64,0,0,0,-5.5,0,0,0,31.14
"Jan 11, 2017 8:47:05 PM PST",6268768321,Order,114-0062324-5637075,DMBLDR-GRY,Dumbledore Harry Potter Inspirational Quote Vinyl Wall Decal Hogwarts [GREY],1,amazon.com,Seller,Winchester,TN,37398,22.99,4.54,0,0,0,-4.13,0,0,0,23.4
"Jan 11, 2017 8:47:08 PM PST",6268768321,Order,112-3858130-9174605,CI-U396-O8H0,Alice Story Book Quote Set Vinyl Stairs or Wall Decal [Black] Cheshire Cat Qu...,1,amazon.com,Seller,rancho palos verdes,Ca,90275,32,4.71,0,0,0,-5.51,0,0,0,31.2
"Jan 11, 2017 8:47:11 PM PST",6268768321,Order,107-4166538-9353002,TRUFFULATREESET5,CLEARANCE!! Dr Seuss Truffula Trees Assorted Set Vinyl Wall Decal Children Bedroom Nursery Décor Storybook Gift,1,amazon.com,Seller,FORT COLLINS,CO,80521-2211,48,4.79,0,0,0,-7.92,0,0,0,44.87
"Jan 12, 2017 12:25:24 AM PST",6268768321,Order,110-8124606-7949069,SNTYFUNKY-WHT,Serenity Prayer Funky Bible Scripture Quote Vinyl Wall Decal [White] Bible Scripture Home Décor Welcome Housewarming Wedding Anniversary Birthday Gift,1,amazon.com,Amazon,hope mills,nc,28348,12,1.27,0,-1.27,0,-1.8,-3.02,0,0,7.18
"Jan 12, 2017 12:51:08 AM PST",6268768321,Order,002-9397229-7865864,QL-C161-KJLL,"GMDdecals® Fancy ""Best People Are Bonkers"" Alice In Wonderland Vinyl Wall Quote Decor Decals [GLOSSY SILVER/PURPLE]- 28 inches x 10 inches -Adhesive H",1,amazon.com,Amazon,LISBON,CT,6351,18,0,0,0,0,-2.7,-3.02,0,0,12.28
"Jan 12, 2017 3:14:28 AM PST",6268768321,Order,115-9261078-5197809,LevioSA-SIL,"GMDdecals Inspirational Wizard Hermione Harry Potter LevioSA Spell Inspirational Hogwarts Quote Vinyl Wall Decor Decal [GLOSSY SILVER]- 28"" x 12"" -Adh",1,amazon.com,Amazon,Rockport,Tx,78382,22.99,0,0,0,0,-3.45,-3.02,0,0,16.52
"Jan 12, 2017 4:01:44 PM PST",6268768321,Transfer,,,"To your account ending in: 9429, Federal ACH Trace ID: 091000010789138",,,,,,,0,0,0,0,0,0,0,0,"-1,276.83","-1,276.83"
"Jan 13, 2017 10:08:15 AM PST",6268768321,Adjustment,115-3781201-9610637,AQ-VK0S-VGXX,FBA Inventory Reimbursement - Customer Return,1,,,,,,0,0,0,0,0,0,0,0,10.58,10.58
"Jan 13, 2017 10:27:42 AM PST",6268768321,Adjustment,,NONSENSE-PUR,FBA Inventory Reimbursement - Damaged:Warehouse,1,,,,,,0,0,0,0,0,0,0,0,16.52,16.52
"Jan 13, 2017 7:24:19 PM PST",6268768321,Order,104-8994774-9183406,LOVEANCHOR-BLKNVY,Love Is the Anchor Quote Vinyl Wall Decal [Black & Navy] Inspiring Home Décor Welcome Housewarming Wedding Anniversary Birthday Gift,1,amazon.com,Seller,hemet,ca,92544,20,4.56,0,0,0,-3.68,0,0,0,20.88
"Jan 13, 2017 7:24:21 PM PST",6268768321,Order,105-0596925-8921829,UT-PHBI-ZNXT,"""The World Is a Book""-St Augustine Vinyl Wall Decal",1,amazon.com,Seller,Nazareth,PA,18064,16,4.54,0,0,0,-3.08,0,0,0,17.46
"Jan 13, 2017 7:24:21 PM PST",6268768321,Order,116-6187192-7811414,LTDKSIRIUS-WHT,"GMDdecals ""We've All Got Light and Dark""Inspirational Wizard Potter Hagrid Quote Decor -Vinyl Wall Decal- [GLOSSY WHITE]- 24"" x 15""",1,amazon.com,Seller,ROCKAWAY,NJ,07866-1814,20.99,4.54,0,0,0,-3.83,0,0,0,21.7
"Jan 13, 2017 7:24:21 PM PST",6268768321,Order,113-5675510-8872223,DMBLDR-BLK,"GMDdecals ""It's Our Choices That Show Who We Really Are"" Inspirational Wizard Potter Dumbledore Quote -Vinyl Wall Decor Decal- [GLOSSY BLACK]- 28"" x 1",1,amazon.com,Seller,NEWARK,CA,94560-1352,22.99,4.54,0,0,0,-4.13,0,0,0,23.4
"Jan 13, 2017 7:24:24 PM PST",6268768321,Order,109-4546171-3821057,LTDKSIRIUS-BLK,"GMDdecals ""We've All Got Light and Dark""Inspirational Wizard Potter Hagrid Quote -Vinyl Wall Decal Decor- [GLOSSY BLACK]- 24"" x 15""",1,amazon.com,Seller,CLEVELAND,OH,44115-1601,20.99,4.54,0,0,0,-3.83,0,0,0,21.7
"Jan 13, 2017 7:24:25 PM PST",6268768321,Order,106-8542317-7299411,TY-G6HM-37AR,CLEARANCE!! Dr Seuss Truffula Trees Assorted Set Vinyl Wall Decal Children Bedroom Nursery Décor Storybook Gift,1,amazon.com,Seller,ALLEN,TX,75013-5006,48,4.79,0,0,0,-7.92,0,0,0,44.87
"Jan 13, 2017 7:24:38 PM PST",6268768321,Order,105-0889090-3775436,TY-G6HM-37AR,CLEARANCE!! Dr Seuss Truffula Trees Assorted Set Vinyl Wall Decal Children Bedroom Nursery Dï¿½cor Storybook Gift,2,amazon.com,Seller,MERRILLVILLE,IN,46410-7190,96,5.09,0,-9.6,0,-13.72,0,0,0,77.77
"Jan 15, 2017 11:48:28 AM PST",6268768321,Service Fee,,,Subscription Fee,,,,,,,0,0,0,0,0,0,0,0,-39.99,-39.99
"Jan 15, 2017 6:55:45 PM PST",6268768321,Order,103-3910604-7781811,JESUSGRM-BLK,GMDdecals® Jesus And Germs Are Everywhere Quote Vinyl Wall Decor Decal [GLOSSY BLACK]- 24 inches x 15 inches -Adhesive High Glossy Vinyl [3mil] **Made,1,amazon.com,Amazon,RIDGECREST,CA,93555-5229,15.99,0,0,0,0,-2.4,-3.02,0,0,10.57
"Jan 16, 2017 1:28:17 AM PST",6268768321,Order,115-3038891-3441849,CUR&CURBLK,GMDdecals® Curiouser and Curiouser Alice In Wonderland Quote Decor Wall Decal [Glossy Black]- 24 inches x 10 inches -Adhesive High Glossy Vinyl [3mil],1,amazon.com,Amazon,SALEM,VA,24153-7102,14,2.72,0,-2.72,0,-2.1,-3.02,0,0,8.88
"Jan 16, 2017 11:55:44 AM PST",6268768321,Order,111-2111051-4081030,FAITHPOS-WHT,GMDdecals® Anything is Possible Faith Luke Bible Scripture Quote Vinyl Wall Decor Decals [GLOSSY WHITE]- 36 inches x 12 inches -Adhesive High Glossy V,1,amazon.com,Amazon,MCMINNVILLE,OR,97128-9726,18,0,0,0,0,-2.7,-3.02,0,0,12.28
"Jan 16, 2017 7:41:39 PM PST",6273105481,FBA Inventory Fee,,,FBA Amazon-Partnered Carrier Shipment Fee,,,,,,,0,0,0,0,0,0,0,0,-11.05,-11.05
"Jan 16, 2017 9:24:47 PM PST",6273105481,Order,113-1140396-5141023,UJ-PH5P-CHKX,Love Brings You Home Quote Vinyl Wall Decal Inspiring Home Décor Welcome Housewarming Wedding Anniversary Birthday Gift,1,amazon.com,Amazon,SOMONAUK,IL,60552-9706,12.8,4.03,0,0,0,-1.92,-7.05,0,0,7.86
"Jan 16, 2017 11:13:41 PM PST",6273105481,Adjustment,,,Balance Adjustment,,,,,,,0,0,0,0,0,0,0,0,19.8,19.8
"Jan 16, 2017 11:33:52 PM PST",6273105481,Order,108-0989686-0062646,LevioSA-SIL,"GMDdecals Inspirational Wizard Hermione Harry Potter LevioSA Spell Inspirational Hogwarts Quote Vinyl Wall Decor Decal [GLOSSY SILVER]- 28"" x 12"" -Adh",1,amazon.com,Amazon,South Hadley,MA,1075,22.99,0,0,0,0,-3.45,-3.02,0,0,16.52
"Jan 17, 2017 2:33:01 AM PST",6273105481,Order,113-7000308-8699411,LevioSA-TUR,"GMDdecals Inspirational Wizard Hermione Harry Potter LevioSA Spell Inspirational Hogwarts Quote Vinyl Wall Decor Decal [GLOSSY TURQUOISE]- 28"" x 12""-A",1,amazon.com,Amazon,DALZELL,SC,29040-9723,22.99,0,0,0,0,-3.45,-3.02,0,0,16.52
"Jan 17, 2017 10:57:17 AM PST",6273105481,Refund,115-1077856-9441868,DMBLDR-NVY,GMDdecals Dumbledore Harry Potter Inspirational Hogwarts Quote Vinyl Wall  Decor Decal [GLOSSY NAVY]- 28 inches x 12 inches -Adhesive High Glossy Viny,1,amazon.com,Amazon,FINDLAY,OH,45840-9617,-22.99,0,0,0,0,2.76,0,0,0,-20.23
"Jan 17, 2017 4:29:50 PM PST",6273105481,Order,115-0805204-4161805,FAITHPOS-WHT,GMDdecals® Anything is Possible Faith Luke Bible Scripture Quote Vinyl Wall Decor Decals [GLOSSY WHITE]- 36 inches x 12 inches -Adhesive High Glossy V,1,amazon.com,Amazon,PEARLAND,TX,77581-7724,18,0,0,0,0,-2.7,-3.02,0,0,12.28
"Jan 17, 2017 5:28:40 PM PST",6273105481,Order,105-3862486-2339465,1212allcolor,"12 Inch X 12 Inch Glossy Vinyl Sheet(s) (25 Sheets, Full Color Palette) for Vinyl Decals Craft Die Cutter Machine Plotter",1,amazon.com,Amazon,WILMINGTON,DE,19807-2571,26,0,0,0,0,-3.9,-4.01,0,0,18.09
"Jan 17, 2017 5:29:36 PM PST",6273105481,Order,112-9924608-8026637,JAMES117-WHT,Good and Perfect Gift From Above James 1:17 Scripture Vinyl Wall Decal [White] Nursery Dcor Baby Newborn Child Bedroom,1,amazon.com,Amazon,JOELTON,TN,37080-8741,16,0,0,0,0,-2.4,-3.02,0,0,10.58
"Jan 18, 2017 12:36:25 AM PST",6273105481,Order,106-9083581-0638615,DMBLDR-HOT,"GMDdecals DMBLDR-PNK It's Our Choices that Show Who We Really Are"" Inspirational Wizard Potter Dumbledore Quote Decor Vinyl Wall Decal, 28"" L x 12"" H,",1,amazon.com,Amazon,BLANCO,TX,78606-5540,18,0,0,0,0,-2.7,-3.02,0,0,12.28
"Jan 18, 2017 1:58:55 AM PST",6273105481,Order,110-0699670-2363422,QL-C161-KJLL,"GMDdecals® Fancy ""Best People Are Bonkers"" Alice In Wonderland Vinyl Wall Quote Decor Decals [GLOSSY SILVER/PURPLE]- 28 inches x 10 inches -Adhesive H",1,amazon.com,Amazon,HARVEY CEDARS,NJ,08008-5760,18,0,0,0,0,-2.7,-3.02,0,0,12.28
"Jan 18, 2017 3:03:39 AM PST",6273105481,Transfer,,,"To your account ending in: 9429, Federal ACH Trace ID: 091000014578828",,,,,,,0,0,0,0,0,0,0,0,-622.15,-622.15
"Jan 18, 2017 9:29:09 AM PST",6273105481,Order,110-9563141-3672232,LevioSA-SIL,"GMDdecals Inspirational Wizard Hermione Harry Potter LevioSA Spell Inspirational Hogwarts Quote Vinyl Wall Decor Decal [GLOSSY SILVER]- 28"" x 12"" -Adh",1,amazon.com,Amazon,Akron,OH,44312-1573,22.99,0,0,0,0,-3.45,-3.02,0,0,16.52
"Jan 18, 2017 1:32:02 PM PST",6273105481,Order,106-2006461-9923417,CW-VCHI-UFL6,"Alice In Wonderland ""Six Impossible Things Before Breakfast"" FUNKY Vinyl Wall Decal [Purple & White] Cheshire Cat Quote Mad Hatter Storybook Home Déco",1,amazon.com,Amazon,RICHMOND,VA,23221-2313,16,0,0,0,0,-2.4,-3.02,0,0,10.58
"Jan 18, 2017 2:53:59 PM PST",6273105481,Order,107-1814267-0794616,FAITHPOS-WHT,GMDdecals® Anything is Possible Faith Luke Bible Scripture Quote Vinyl Wall Decor Decals [GLOSSY WHITE]- 36 inches x 12 inches -Adhesive High Glossy V,1,amazon.com,Amazon,Benton,PA,17814,18,0,0,0,0,-2.7,-3.02,0,0,12.28
"Jan 18, 2017 7:52:17 PM PST",6273105481,Order,106-8027527-7727426,96-3YGZ-59C7,"GMDdecals Harry Potter Ministry of Magic Bathroom Toilet Vinyl Wall Decor Decals [GLOSSY BLACK/GOLD]- 10"" x 11""-Adhesive High Glossy Vinyl [3mil]Made",1,amazon.com,Seller,SAN JOSE,CA,95112-7437,13.99,4.57,0,0,0,-2.78,0,0,0,15.78
"Jan 18, 2017 7:52:18 PM PST",6273105481,Order,115-3928930-5406612,ANYPOSGINNY-SIL,"GMDdecals® Inspirational Wizard Harry Potter Ginny Quidditch Snitch Inspirational Hogwarts Quote Vinyl Wall Decor Decal [GLOSSY BLACK]- 24"" x 12"" -Adh",1,amazon.com,Seller,Inwood,WV,25428,18,2.34,0,-1.8,0,-2.78,0,0,0,15.76
"Jan 18, 2017 7:52:18 PM PST",6273105481,Order,115-3928930-5406612,LTDKSIRIUS-WHT,"GMDdecals ""We've All Got Light and Dark""Inspirational Wizard Potter Hagrid Quote Decor -Vinyl Wall Decal- [GLOSSY WHITE]- 24"" x 15""",1,amazon.com,Seller,Inwood,WV,25428,20.99,2.3,0,-2.1,0,-3.18,0,0,0,18.01
"Jan 18, 2017 7:52:19 PM PST",6273105481,Order,102-9056569-8447418,LTDKSIRIUS-TUR,Harry Potter Light & Dark Sirius Black Quote Vinyl Wall Decal Hogwarts [TURQUOISE],1,amazon.com,Seller,Bishop,Ca,93514,20.99,4.59,0,0,0,-3.84,0,0,0,21.74
"Jan 18, 2017 7:52:19 PM PST",6273105481,Order,112-0144334-1205057,DRSQUOTES-MIX,"GMDdecals Dr Seuss Quotes LARGE Assorted Sayings Vinyl Stairs or Wall Decal [GLOSSY GREEN/AQUA/RED/YELLOW]- 24"" wide by 2-4"" tall for EACH quote -Adhe",1,amazon.com,Seller,Atlantic Highlands,New Jersey,7716,34.99,4.68,0,0,0,-5.95,0,0,0,33.72
"Jan 18, 2017 7:52:20 PM PST",6273105481,Order,114-6112760-5959437,SRNTYWIDE-PUR,Serenity Prayer Wide Bible Scripture Quote Vinyl Wall Decal [Purple] Bible Sc...,1,amazon.com,Seller,JACKSONVILLE,FL,32217-3908,12,4.5,0,0,1.16,-2.48,0,-0.03,0,15.15
"Jan 18, 2017 7:52:20 PM PST",6273105481,Order,113-7763775-3701003,LOVECOFFEEES-BLK,"El amor y el café inspried Cita de decoración de la pared Decal [NEGRO] - 12inches x 24 pulgadas - Vinilo adhesivo brillante [3mil] Fácil aplicación,",1,amazon.com,Seller,Covina,CA,91723,18,4.5,0,0,0,-3.38,0,0,0,19.12
"Jan 18, 2017 7:52:21 PM PST",6273105481,Order,107-4926225-8289024,ALICEQUOTES-CUST,Alice Story Book Quote Set Wall Decal (Custom),1,amazon.com,Seller,ATLANTA,GA,30319-5848,34.99,4.49,0,0,0,-5.92,0,0,0,33.56
"Jan 18, 2017 7:52:21 PM PST",6273105481,Order,111-2032610-4090652,LTDKSIRIUS-BLK,"GMDdecals ""We've All Got Light and Dark""Inspirational Wizard Potter Hagrid Quote -Vinyl Wall Decal Decor- [GLOSSY BLACK]- 24"" x 15""",1,amazon.com,Seller,Lakeville,Minnesota,55044,20.99,4.54,0,0,0,-3.83,0,0,0,21.7
"Jan 18, 2017 7:52:21 PM PST",6273105481,Order,109-3443638-1492233,ALICEQUOTES-WHT,"GMDdecals Alice In Wonderland Story Book Quote Set Vinyl Stair Decals or Wall Quote Decor Decals [GLOSSY WHITE]- 24"" x 2-4"" per quote -Adhesive High G",1,amazon.com,Seller,BELLEFONTAINE,OH,43311-9220,34.99,4.59,0,0,0,-5.94,0,0,0,33.64
"Jan 18, 2017 7:52:24 PM PST",6273105481,Order,106-9112792-8607455,96-3YGZ-59C7,"GMDdecals Harry Potter Ministry of Magic Bathroom Toilet Vinyl Wall Decor Decals [GLOSSY BLACK/GOLD]- 10"" x 11""-Adhesive High Glossy Vinyl [3mil]Made",1,amazon.com,Seller,MILLS RIVER,NC,28759-9674,13.99,4.57,0,0,0,-2.78,0,0,0,15.78
"Jan 18, 2017 7:52:24 PM PST",6273105481,Order,106-6661544-3293845,SIXFANCY-BLKTUR,"Alice In Wonderland ""Six Impossible Things Before Breakfast"" Vinyl Wall Decal FANCY [Black & Turquoise] Cheshire Cat Quote Mad Hatter Storybook Home D",1,amazon.com,Seller,COLUMBUS,OHIO,43215-3930,16,4.5,0,0,0,-2.46,0,0,0,18.04
"Jan 18, 2017 7:52:24 PM PST",6273105481,Order,104-4903112-2703464,DMBLDR-BLK,"GMDdecals ""It's Our Choices That Show Who We Really Are"" Inspirational Wizard Potter Dumbledore Quote -Vinyl Wall Decor Decal- [GLOSSY BLACK]- 28"" x 1",1,amazon.com,Seller,Rincon,GA,31326-5704,22.99,4.54,0,0,0,-4.13,0,0,0,23.4
"Jan 18, 2017 7:52:27 PM PST",6273105481,Order,111-9350914-9377048,DMBLDR-TUR,Dumbledore Harry Potter Inspirational Quote Vinyl Wall Decal Hogwarts [TURQUOISE],1,amazon.com,Seller,NORTON SHORES,MI,49441-7304,22.99,4.54,0,0,0,-4.13,0,0,0,23.4
"Jan 18, 2017 7:52:27 PM PST",6273105481,Order,002-8144609-5720232,LTDKSIRIUS-BLK,"GMDdecals ""We've All Got Light and Dark""Inspirational Wizard Potter Hagrid Quote -Vinyl Wall Decal Decor- [GLOSSY BLACK]- 24"" x 15""",1,amazon.com,Seller,SAN DIEGO,CA,92107-1419,20.99,4.54,0,0,0,-3.83,0,0,0,21.7
"Jan 18, 2017 7:52:28 PM PST",6273105481,Order,111-6022540-0383426,LOVEANCHOR-BLKNVY,Love Is the Anchor Quote Vinyl Wall Decal [Black & Navy] Inspiring Home Décor Welcome Housewarming Wedding Anniversary Birthday Gift,1,amazon.com,Seller,Brewster,NY,10509,20,4.56,0,0,0,-3.68,0,0,0,20.88
"Jan 18, 2017 7:52:28 PM PST",6273105481,Order,109-0854357-4579456,ALICEQUOTES-MIX,Alice Story Book Quote Set Vinyl Stairs or Wall Decal [Yellow/Merlot/Green/Purple] Cheshire Cat Quote Mad Hatter Storybook Home Décor Welcome Housewar,1,amazon.com,Seller,PROVIDENCE FORGE,VA,23140-4430,34.99,4.64,0,0,0,-5.94,0,0,0,33.69
"Jan 18, 2017 7:52:28 PM PST",6273105481,Order,107-8921574-4894610,LTDKSIRIUS-SIL,"GMDdecals ""We've All Got Light and Dark""Inspirational Wizard Potter Hagrid Quote Decor -Vinyl Wall Decal- [GLOSSY SILVER]- 24"" x 15""",1,amazon.com,Seller,FRONTENAC,MN,55026-1052,20.99,4.54,0,0,0,-3.83,0,0,0,21.7
"Jan 18, 2017 7:52:28 PM PST",6273105481,Order,116-0307534-9495434,ALICEQUOTES-MIX,Alice Story Book Quote Set Vinyl Stairs or Wall Decal [Yellow/Merlot/Green/Purple] Cheshire Cat Quote Mad Hatter Storybook Home Décor Welcome Housewar,1,amazon.com,Seller,ANCHORAGE,AK,99502-3139,34.99,4.64,0,0,0,-5.94,0,0,0,33.69
"Jan 18, 2017 7:52:29 PM PST",6273105481,Order,116-4803947-9657826,LTDKSIRIUS-BLK,"GMDdecals ""We've All Got Light and Dark""Inspirational Wizard Potter Hagrid Quote -Vinyl Wall Decal Decor- [GLOSSY BLACK]- 24"" x 15""",1,amazon.com,Seller,DEARBORN HEIGHTS,MI,48127-3980,20.99,1.55,0,-2.1,0,-3.07,0,0,0,17.37
"Jan 18, 2017 7:52:29 PM PST",6273105481,Order,116-4803947-9657826,DMBLDR-BLK,"GMDdecals ""It's Our Choices That Show Who We Really Are"" Inspirational Wizard Potter Dumbledore Quote -Vinyl Wall Decor Decal- [GLOSSY BLACK]- 28"" x 1",1,amazon.com,Seller,DEARBORN HEIGHTS,MI,48127-3980,22.99,1.55,0,-2.3,0,-3.34,0,0,0,18.9
"Jan 18, 2017 7:52:29 PM PST",6273105481,Order,116-4803947-9657826,ANYPOSGINNY-BLK,"GMDdecals® Inspirational WizardHarry Potter Ginny Quidditch Snitch Inspirational Hogwarts Quote Vinyl Wall Decor Decal [GLOSSY BLACK]- 24"" x 12"" -Adhe",1,amazon.com,Seller,DEARBORN HEIGHTS,MI,48127-3980,18.99,1.54,0,-1.9,0,-2.79,0,0,0,15.84
"Jan 18, 2017 7:52:29 PM PST",6273105481,Order,105-4739925-4738607,LTDKSIRIUS-BLK,"GMDdecals ""We've All Got Light and Dark""Inspirational Wizard Potter Hagrid Quote -Vinyl Wall Decal Decor- [GLOSSY BLACK]- 24"" x 15""",1,amazon.com,Seller,GREAT FALLS,MT,59405-7907,20.99,4.54,0,0,0,-3.83,0,0,0,21.7
"Jan 18, 2017 7:52:29 PM PST",6273105481,Order,104-9212755-6526602,C0-LVMK-Y8ST,GMDdecals® UNLESS Dr Seuss Quote Vinyl Wall Decal Lorax Truffula Trees Design Vinyl Quote Decor Wall Decal [GLOSSY BLACK]- 28 inches x 12 inches -Adhe,1,amazon.com,Seller,MIDLAND,MICHIGAN,48640-9049,16,4.57,0,0,0,-3.09,0,0,0,17.48
"Jan 18, 2017 7:52:31 PM PST",6273105481,Order,104-3971634-3751413,C0-LVMK-Y8ST,GMDdecals® UNLESS Dr Seuss Quote Vinyl Wall Decal Lorax Truffula Trees Design Vinyl Quote Decor Wall Decal [GLOSSY BLACK]- 28 inches x 12 inches -Adhe,1,amazon.com,Seller,RICHLAND,MI,49083-9316,16,4.57,0,0,0,-3.09,0,0,0,17.48
"Jan 18, 2017 7:52:31 PM PST",6273105481,Order,110-4061829-4391464,LTDKSIRIUS-BLK,"GMDdecals ""We've All Got Light and Dark""Inspirational Wizard Potter Hagrid Quote -Vinyl Wall Decal Decor- [GLOSSY BLACK]- 24"" x 15""",1,amazon.com,Seller,WICHITA,KS,67205-8623,20.99,4.54,0,0,0,-3.83,0,0,0,21.7
"Jan 18, 2017 7:52:31 PM PST",6273105481,Order,110-2770389-2484253,LTDKSIRIUS-GRY,Harry Potter Light & Dark Sirius Black Quote Vinyl Wall Decal Hogwarts [GREY],1,amazon.com,Seller,APO,AE,9803,20.99,4.54,0,0,0,-3.83,0,0,0,21.7
"Jan 18, 2017 7:52:31 PM PST",6273105481,Order,105-5705598-2197061,CI-U396-O8H0,Alice Story Book Quote Set Vinyl Stairs or Wall Decal [Black] Cheshire Cat Qu...,1,amazon.com,Seller,CENTREVILLE,MD,21617-2508,32,4.71,0,0,0,-5.51,0,0,0,31.2
"Jan 18, 2017 7:52:36 PM PST",6273105481,Order,115-2611061-7121834,CI-U396-O8H0,Alice Story Book Quote Set Vinyl Stairs or Wall Decal [Black] Cheshire Cat Qu...,1,amazon.com,Seller,RENO,NV,89509-3961,32,4.71,0,0,0,-5.51,0,0,0,31.2
"Jan 18, 2017 7:52:37 PM PST",6273105481,Order,107-7888162-0161047,DMBLDR-BLK,"GMDdecals ""It's Our Choices That Show Who We Really Are"" Inspirational Wizard Potter Dumbledore Quote -Vinyl Wall Decor Decal- [GLOSSY BLACK]- 28"" x 1",1,amazon.com,Seller,TOMS RIVER,NJ,08753-5824,22.99,4.54,0,0,0,-4.13,0,0,0,23.4
"Jan 19, 2017 1:30:28 AM PST",6273105481,Adjustment,,SNTYFUNKY-WHT,FBA Inventory Reimbursement - Lost:Warehouse,1,,,,,,0,0,0,0,0,0,0,0,7.18,7.18
"Jan 19, 2017 12:09:29 PM PST",6274936251,Refund,106-3010747-9184205,SRNTYWIDE-WHT,Serenity Prayer Wide Bible Scripture Quote Vinyl Wall Decal [White] Bible Scripture Home Décor Welcome Housewarming Wedding Anniversary Birthday Gift,1,amazon.com,Amazon,RALEIGH,NC,27606-8118,-16,0,0,0,0,1.92,0,0,0,-14.08
"Jan 19, 2017 11:17:30 PM PST",6274936251,Order,102-1429200-0699459,6B-1I40-D1SR,Personalized Good and Perfect Gift From Above Vinyl Wall Decal Name Initial J...,1,amazon.com,Seller,HAUBSTADT,IN,47639-8684,18,4.49,0,0,0,-3.37,0,0,0,19.12
"Jan 19, 2017 11:17:31 PM PST",6274936251,Order,102-0131542-1021067,1S-5JE7-B19X,Personalized Tangled Princess Rapunzel Quote Vinyl Wall Decal,1,amazon.com,Seller,LEWISVILLE,TX,75067-5343,18,4.49,0,0,0,-3.37,0,0,0,19.12
"Jan 19, 2017 11:17:31 PM PST",6274936251,Order,104-1698548-8014639,SIXFANCY-BLKTUR,"Alice In Wonderland ""Six Impossible Things Before Breakfast"" Vinyl Wall Decal FANCY [Black & Turquoise] Cheshire Cat Quote Mad Hatter Storybook Home D",1,amazon.com,Seller,Tinton Falls,NJ,7724,16,4.5,0,0,0,-2.46,0,0,0,18.04
"Jan 19, 2017 11:17:31 PM PST",6274936251,Order,104-7975141-0889049,UT-PHBI-ZNXT,"""The World Is a Book""-St Augustine Vinyl Wall Decal",1,amazon.com,Seller,NEW PORT RICHEY,FL,34655-4304,16,4.54,0,0,1.44,-3.08,0,-0.04,0,18.86
"Jan 19, 2017 11:17:32 PM PST",6274936251,Order,002-8900368-8077038,DMBLDR-BLK,"GMDdecals ""It's Our Choices That Show Who We Really Are"" Inspirational Wizard Potter Dumbledore Quote -Vinyl Wall Decor Decal- [GLOSSY BLACK]- 28"" x 1",1,amazon.com,Seller,CARROLLTON,AL,35447-2969,22.99,4.54,0,0,0,-4.13,0,0,0,23.4
"Jan 19, 2017 11:17:33 PM PST",6274936251,Order,103-0984254-0160244,TRUFFULATREESET5,CLEARANCE!! Dr Seuss Truffula Trees Assorted Set Vinyl Wall Decal Children Bedroom Nursery Décor Storybook Gift,1,amazon.com,Seller,PORTLAND,OREGON,97203-6629,48,4.79,0,0,0,-7.92,0,0,0,44.87
"Jan 19, 2017 11:17:33 PM PST",6274936251,Order,113-3067474-1263416,SY-B218-MQLB,Good and Perfect Gift From Above James 1:17 Scripture Vinyl Wall Decal Nursery Décor Baby Newborn Child Bedroom,1,amazon.com,Seller,GLENWOOD,MN,56334-4011,14,4.57,0,0,0,-2.79,0,0,0,15.78
"Jan 19, 2017 11:17:33 PM PST",6274936251,Order,102-5926798-8253805,TRUFFULATREESET5,CLEARANCE!! Dr Seuss Truffula Trees Assorted Set Vinyl Wall Decal Children Bedroom Nursery Décor Storybook Gift,1,amazon.com,Seller,PALMYRA,PA,17078-9745,48,4.79,0,0,0,-7.92,0,0,0,44.87
"Jan 19, 2017 11:17:35 PM PST",6274936251,Order,112-8766100-6622627,QP-0K37-40D1,Wizard of Oz Quotes Assorted Sayings Vinyl Wall Decal or Stairs Decal Dorothy...,1,amazon.com,Seller,RED ROCK,AZ,85145-5084,32,4.57,0,0,0,-5.49,0,0,0,31.08
"Jan 19, 2017 11:17:36 PM PST",6274936251,Order,109-8952760-7537017,LTDKSIRIUS-BLK,"GMDdecals ""We've All Got Light and Dark""Inspirational Wizard Potter Hagrid Quote -Vinyl Wall Decal Decor- [GLOSSY BLACK]- 24"" x 15""",1,amazon.com,Seller,HUDSON,NY,12534-3130,20.99,4.54,0,0,0,-3.83,0,0,0,21.7
"Jan 19, 2017 11:17:37 PM PST",6274936251,Order,111-2513029-7151451,C0-LVMK-Y8ST,GMDdecals® UNLESS Dr Seuss Quote Vinyl Wall Decal Lorax Truffula Trees Design Vinyl Quote Decor Wall Decal [GLOSSY BLACK]- 28 inches x 12 inches -Adhe,1,amazon.com,Seller,Golden,CO,80403,16,4.57,0,0,0,-3.09,0,0,0,17.48
"Jan 19, 2017 11:17:42 PM PST",6274936251,Order,103-3668517-5997804,DMBLDR-WHT,"GMDdecals DUMBLDR-WHT Wall Decor Stickers, ""It's Our Choices That Show Who We Really Are""",1,amazon.com,Seller,DAVID CITY,NE,68632-1323,22.99,1.55,0,-2.3,0,-3.34,0,0,0,18.9
"Jan 19, 2017 11:17:42 PM PST",6274936251,Order,103-3668517-5997804,DMBLDR-BLK,"GMDdecals ""It's Our Choices That Show Who We Really Are"" Inspirational Wizard Potter Dumbledore Quote -Vinyl Wall Decor Decal- [GLOSSY BLACK]- 28"" x 1",1,amazon.com,Seller,DAVID CITY,NE,68632-1323,22.99,1.55,0,-2.3,0,-3.34,0,0,0,18.9
"Jan 19, 2017 11:17:42 PM PST",6274936251,Order,103-3668517-5997804,LTDKSIRIUS-WHT,"GMDdecals ""We've All Got Light and Dark""Inspirational Wizard Potter Hagrid Quote Decor -Vinyl Wall Decal- [GLOSSY WHITE]- 24"" x 15""",1,amazon.com,Seller,DAVID CITY,NE,68632-1323,20.99,1.54,0,-2.1,0,-3.06,0,0,0,17.37
"Jan 20, 2017 9:30:46 AM PST",6274936251,Order,108-4599206-6940249,JAMES117-WHT,Good and Perfect Gift From Above James 1:17 Scripture Vinyl Wall Decal [White] Nursery Dcor Baby Newborn Child Bedroom,1,amazon.com,Amazon,HOPE MILLS,NC,28348-2938,16,0,0,0,0,-2.4,-3.02,0,0,10.58
"Jan 20, 2017 10:00:31 AM PST",6274936251,Transfer,,,"To your account ending in: 9429, Federal ACH Trace ID: 091000014080071",,,,,,,0,0,0,0,0,0,0,0,-819.92,-819.92
"Jan 20, 2017 8:20:26 PM PST",6274936251,Order,107-8309038-8374616,JAMES117-NVY,Good and Perfect Gift From Above James 1:17 Scripture Vinyl Wall Decal [Navy] Nursery Décor Baby Newborn Child Bedroom,1,amazon.com,Amazon,SALIDA,CA,95368-8138,16,0,0,0,0,-2.4,-3.02,0,0,10.58
"Jan 21, 2017 12:02:55 AM PST",6274936251,Order,114-5152935-3029068,LevioSA-SIL,"GMDdecals Inspirational Wizard Hermione Harry Potter LevioSA Spell Inspirational Hogwarts Quote Vinyl Wall Decor Decal [GLOSSY SILVER]- 28"" x 12"" -Adh",1,amazon.com,Amazon,NEW YORK,NY,10025-6622,22.99,0,0,0,0,-3.45,-3.02,0,0,16.52
"Jan 21, 2017 12:49:27 PM PST",6274936251,Order,109-1521494-0107406,A2-MYXP-2452,Curiouser and Curiouser Alice In Wonderland Vinyl Wall Decal [Purple & White] Cheshire Cat Quote Mad Hatter Storybook Home Décor Welcome Housewarming,1,amazon.com,Amazon,GARLAND,TX,75044-5941,12,0,0,0,0,-1.8,-2.56,0,0,7.64
"Jan 21, 2017 1:49:34 PM PST",6274936251,Order,103-6714998-2107421,UJ-PH5P-CHKX,Love Brings You Home Quote Vinyl Wall Decal Inspiring Home Décor Welcome Housewarming Wedding Anniversary Birthday Gift,1,amazon.com,Amazon,north potomac,md,20878,12.8,0,0,0,0,-1.92,-3.02,0,0,7.86
"Jan 21, 2017 7:30:03 PM PST",6274936251,Order,102-3529848-1607466,JAMES117-NVY,Good and Perfect Gift From Above James 1:17 Scripture Vinyl Wall Decal [Navy] Nursery Décor Baby Newborn Child Bedroom,1,amazon.com,Amazon,OAKLAND,CA,94607-4790,16,0,0,0,0,-2.4,-3.02,0,0,10.58
"Jan 21, 2017 7:46:34 PM PST",6274936251,FBA Inventory Fee,,,FBA Removal Order: Return Fee,,,,,,,0,0,0,0,0,0,0,0,-1.5,-1.5
"Jan 22, 2017 2:32:55 PM PST",6274936251,Order,106-5803440-1153853,CUR&CURBLK,GMDdecals® Curiouser and Curiouser Alice In Wonderland Quote Decor Wall Decal [Glossy Black]- 24 inches x 10 inches -Adhesive High Glossy Vinyl [3mil],1,amazon.com,Amazon,STROUD,OK,74079-5023,14,0,0,0,0,-2.1,-3.02,0,0,8.88
"Jan 22, 2017 2:57:38 PM PST",6274936251,Order,106-5377154-8669846,58-P5NK-DFU6,"GMDdecals Dr Seuss Quotes LARGE Assorted Sayings Vinyl Stairs or Wall Decal [GLOSSY BLACK]- 24"" wide by 2-4"" tall for EACH quote -Adhesive High Glossy",1,amazon.com,Amazon,QUEEN CREEK,AZ,85142-3058,34.99,0,0,0,0,-5.25,-3.02,0,0,26.72
"Jan 22, 2017 6:21:50 PM PST",6274936251,Order,115-2207486-6433814,TRUFFULATREESET5,CLEARANCE!! Dr Seuss Truffula Trees Assorted Set Vinyl Wall Decal Children Bedroom Nursery Décor Storybook Gift,1,amazon.com,Seller,BELL BUCKLE,TN,37020-4884,48,4.79,0,0,0,-7.92,0,0,0,44.87
"Jan 22, 2017 6:21:51 PM PST",6274936251,Order,105-5531405-4021868,TRUFFULATREESET5,CLEARANCE!! Dr Seuss Truffula Trees Assorted Set Vinyl Wall Decal Children Bedroom Nursery Décor Storybook Gift,1,amazon.com,Seller,FARMINGTON,MN,55024-8756,48,4.79,0,0,0,-7.92,0,0,0,44.87
"Jan 22, 2017 6:21:52 PM PST",6274936251,Order,002-3345776-6535462,LTDKSIRIUS-TUR,Harry Potter Light & Dark Sirius Black Quote Vinyl Wall Decal Hogwarts [TURQUOISE],1,amazon.com,Seller,Pittsgrove,New Jersey,8318,20.99,4.59,0,0,0,-3.84,0,0,0,21.74
"Jan 22, 2017 6:21:54 PM PST",6274936251,Order,105-5313361-4648244,CI-U396-O8H0,Alice Story Book Quote Set Vinyl Stairs or Wall Decal [Black] Cheshire Cat Qu...,1,amazon.com,Seller,LOVELL,WY,82431-1511,32,4.71,0,0,0,-5.51,0,0,0,31.2
"Jan 22, 2017 6:21:55 PM PST",6274936251,Order,109-5765631-2393065,DMBLDR-BLK,"GMDdecals ""It's Our Choices That Show Who We Really Are"" Inspirational Wizard Potter Dumbledore Quote -Vinyl Wall Decor Decal- [GLOSSY BLACK]- 28"" x 1",1,amazon.com,Seller,TRAVERSE CITY,MI,49685-6889,22.99,2.29,0,-2.3,0,-3.45,0,0,0,19.53
"Jan 22, 2017 6:21:55 PM PST",6274936251,Order,109-5765631-2393065,96-3YGZ-59C7,"GMDdecals Harry Potter Ministry of Magic Bathroom Toilet Vinyl Wall Decor Decals [GLOSSY BLACK/GOLD]- 10"" x 11""-Adhesive High Glossy Vinyl [3mil]Made",1,amazon.com,Seller,TRAVERSE CITY,MI,49685-6889,13.99,2.33,0,-1.4,0,-2.24,0,0,0,12.68
"Jan 22, 2017 6:22:46 PM PST",6274936251,Order,112-3082786-5097042,SY-B218-MQLB,Good and Perfect Gift From Above James 1:17 Scripture Vinyl Wall Decal Nursery Décor Baby Newborn Child Bedroom,1,amazon.com,Seller,BOERNE,TEXAS,78006,14,4.57,0,0,0,-2.79,0,0,0,15.78
"Jan 22, 2017 10:41:02 PM PST",6274936251,Order,113-0084202-0730678,JAMES117-WHT,Good and Perfect Gift From Above James 1:17 Scripture Vinyl Wall Decal [White] Nursery Dcor Baby Newborn Child Bedroom,1,amazon.com,Amazon,DENVER,CO,80224-2901,16,0,0,0,0,-2.4,-3.02,0,0,10.58
"Jan 22, 2017 11:40:02 PM PST",6274936251,Order,112-6194604-8556234,LevioSA-SIL,"GMDdecals Inspirational Wizard Hermione Harry Potter LevioSA Spell Inspirational Hogwarts Quote Vinyl Wall Decor Decal [GLOSSY SILVER]- 28"" x 12"" -Adh",1,amazon.com,Amazon,EAU CLAIRE,WI,54701-8667,22.99,0,0,0,0,-3.45,-3.02,0,0,16.52
"Jan 23, 2017 2:22:58 AM PST",6274936251,Order,113-4185847-9165002,CW-VCHI-UFL6,"Alice In Wonderland ""Six Impossible Things Before Breakfast"" FUNKY Vinyl Wall Decal [Purple & White] Cheshire Cat Quote Mad Hatter Storybook Home Déco",1,amazon.com,Amazon,BARTLETT,TN,38134-3347,16,0,0,0,0,-2.4,-3.02,0,0,10.58
"Jan 23, 2017 6:11:30 AM PST",6274936251,Order,110-7839138-2234620,DMBLDR-TUR,Dumbledore Harry Potter Inspirational Quote Vinyl Wall Decal Hogwarts [TURQUOISE],1,amazon.com,Seller,SUGAR LAND,TX,77479-5790,22.99,4.54,0,0,0,-4.13,0,0,0,23.4
"Jan 23, 2017 6:11:31 AM PST",6274936251,Order,109-6749639-3225057,C0-LVMK-Y8ST,GMDdecals® UNLESS Dr Seuss Quote Vinyl Wall Decal Lorax Truffula Trees Design Vinyl Quote Decor Wall Decal [GLOSSY BLACK]- 28 inches x 12 inches -Adhe,1,amazon.com,Seller,HOUSTON,TX,77084-3806,16,4.57,0,0,0,-3.09,0,0,0,17.48
"Jan 23, 2017 2:50:36 PM PST",6274936251,Order,113-2442483-5497847,58-P5NK-DFU6,"GMDdecals Dr Seuss Quotes LARGE Assorted Sayings Vinyl Stairs or Wall Decal [GLOSSY BLACK]- 24"" wide by 2-4"" tall for EACH quote -Adhesive High Glossy",1,amazon.com,Amazon,SHELTON,NE,68876-9639,34.99,0,0,0,0,-5.25,-3.02,0,0,26.72
"Jan 23, 2017 2:55:55 PM PST",6274936251,Order,103-0018110-7763471,JAMES117-NVY,Good and Perfect Gift From Above James 1:17 Scripture Vinyl Wall Decal [Navy] Nursery Décor Baby Newborn Child Bedroom,1,amazon.com,Amazon,HOUSTON,TX,77044-4997,16,0,0,0,0,-2.4,-3.02,0,0,10.58
"Jan 23, 2017 11:25:06 PM PST",6278310841,Order,110-1988284-6798633,58-P5NK-DFU6,"GMDdecals Dr Seuss Quotes LARGE Assorted Sayings Vinyl Stairs or Wall Decal [GLOSSY BLACK]- 24"" wide by 2-4"" tall for EACH quote -Adhesive High Glossy",1,amazon.com,Amazon,st charles,missouri,63304,34.99,0,0,0,0,-5.25,-3.02,0,0,26.72
"Jan 24, 2017 1:38:08 AM PST",6278310841,Order,115-4854549-4362600,LTDKSIRIUS-BLK,"GMDdecals ""We've All Got Light and Dark""Inspirational Wizard Potter Hagrid Quote -Vinyl Wall Decal Decor- [GLOSSY BLACK]- 24"" x 15""",1,amazon.com,Amazon,WILLIAMSBURG,VA,23188-2547,20.99,0,0,0,0,-3.15,-3.02,0,0,14.82
"Jan 24, 2017 7:22:58 AM PST",6278310841,FBA Inventory Fee,,,FBA Amazon-Partnered Carrier Shipment Fee,,,,,,,0,0,0,0,0,0,0,0,-9.35,-9.35
"Jan 24, 2017 8:25:22 AM PST",6278310841,Order,111-5331774-2624257,LTDKSIRIUS-BLK,"GMDdecals ""We've All Got Light and Dark""Inspirational Wizard Potter Hagrid Quote -Vinyl Wall Decal Decor- [GLOSSY BLACK]- 24"" x 15""",1,amazon.com,Amazon,MANHATTAN,KS,66503-3012,20.99,0,0,0,0,-3.15,-3.02,0,0,14.82
"Jan 24, 2017 11:04:10 AM PST",6278310841,Order,110-3837656-8290623,DMBLDR-BLK,"GMDdecals Inspirational Wizard Potter Dumbledore Quote Vinyl Wall Decor Decal, ""It's Our Choices That Show Who We Really Are"", Glossy Black",1,amazon.com,Amazon,Livonia,MI,48154,22.99,0,0,0,0,-3.45,-3.02,0,0,16.52
"Jan 24, 2017 1:07:43 PM PST",6278310841,Order,113-8959491-5273015,LTDKSIRIUS-BLK,"GMDdecals ""We've All Got Light and Dark""Inspirational Wizard Potter Hagrid Quote -Vinyl Wall Decal Decor- [GLOSSY BLACK]- 24"" x 15""",1,amazon.com,Amazon,GARDNERVILLE,NV,89460-8822,20.99,0,0,0,0,-3.15,-3.02,0,0,14.82
"Jan 24, 2017 7:57:13 PM PST",6278310841,Order,115-8758073-5081026,LTDKSIRIUS-BLK,"GMDdecals ""We've All Got Light and Dark"" Inspirational Wizard Potter Sirius Black Quote -Vinyl Wall Decal Decor- [GLOSSY BLACK]- 24"" x 15""",1,amazon.com,Amazon,SIMI VALLEY,CA,93063-3556,20.99,0,0,0,0,-3.15,-3.02,0,0,14.82
"Jan 24, 2017 8:32:47 PM PST",6278310841,Order,105-2575771-5037855,6B-1I40-D1SR,Personalized Good and Perfect Gift From Above Vinyl Wall Decal Name Initial J...,1,amazon.com,Seller,Silver Spring,Md,20904,18,4.49,0,0,0,-3.37,0,0,0,19.12
"Jan 24, 2017 8:32:49 PM PST",6278310841,Order,102-9673543-9694666,LevioSA-PUR,"GMDdecals Inspirational Wizard Hermione Harry Potter LevioSA Spell Inspirational Hogwarts Quote Vinyl Wall Decor Decal [GLOSSY BLACK]- 28"" x 12"" -Adhe",1,amazon.com,Seller,port orchard,wa,98366,22.99,4.59,0,0,0,-4.14,0,0,0,23.44
"Jan 24, 2017 8:32:50 PM PST",6278310841,Order,110-6774656-4413058,KA-FLGL-POBP,GMDdecals® Nonsense Alice In Wonderland Quote Decor Wall Decal [GLOSSY BLACK]- 36 inches x 12 inches -Adhesive High Glossy Vinyl [3mil] **Made In USA*,1,amazon.com,Seller,GARFIELD,NEW JERSEY,07026-3515,16,4.64,0,0,0,-3.1,0,0,0,17.54
"Jan 24, 2017 8:32:50 PM PST",6278310841,Order,109-3686178-1963468,QP-0K37-40D1,Wizard of Oz Quotes Assorted Sayings Vinyl Wall Decal or Stairs Decal Dorothy...,1,amazon.com,Seller,GREENBUSH,MINNESOTA,56726-4312,32,4.57,0,0,0,-5.49,0,0,0,31.08
"Jan 24, 2017 8:32:51 PM PST",6278310841,Order,109-7020636-9879406,LTDKSIRIUS-GLD,Harry Potter Light & Dark Sirius Black Quote Vinyl Wall Decal Hogwarts [GOLD],1,amazon.com,Seller,PHILADELPHIA,PA,19140-3204,20.99,4.54,0,0,0,-3.83,0,0,0,21.7
"Jan 24, 2017 8:32:52 PM PST",6278310841,Order,105-7389557-6073018,LTDKSIRIUS-SIL,"GMDdecals ""We've All Got Light and Dark""Inspirational Wizard Potter Hagrid Quote Decor -Vinyl Wall Decal- [GLOSSY SILVER]- 24"" x 15""",1,amazon.com,Seller,JACKSON,WI,53037-9650,20.99,4.54,0,0,0,-3.83,0,0,0,21.7
"Jan 24, 2017 8:32:52 PM PST",6278310841,Order,107-4713153-5545866,C0-LVMK-Y8ST,GMDdecals® UNLESS Dr Seuss Quote Vinyl Wall Decal Lorax Truffula Trees Design Vinyl Quote Decor Wall Decal [GLOSSY BLACK]- 28 inches x 12 inches -Adhe,1,amazon.com,Seller,GREEN LAKE,WI,54941-9578,16,4.57,0,0,0,-3.09,0,0,0,17.48
"Jan 24, 2017 8:32:57 PM PST",6278310841,Order,107-4751902-9285812,C0-LVMK-Y8ST,GMDdecals® UNLESS Dr Seuss Quote Vinyl Wall Decal Lorax Truffula Trees Design Vinyl Quote Decor Wall Decal [GLOSSY BLACK]- 28 inches x 12 inches -Adhe,1,amazon.com,Seller,LAKEWOOD,CO,80228-1418,16,4.57,0,0,0,-3.09,0,0,0,17.48
"Jan 24, 2017 8:32:58 PM PST",6278310841,Order,104-8947012-7773010,ANYPOSGINNY-GLD,Harry Potter Ginny Quidditch Snitch Quote Vinyl Wall Decal Hogwarts [GOLD],1,amazon.com,Seller,Benson,MN,56215,18.99,4.82,0,0,0,-3.57,0,0,0,20.24
"Jan 24, 2017 8:33:00 PM PST",6278310841,Order,116-0969731-3128238,CI-U396-O8H0,Alice Story Book Quote Set Vinyl Stairs or Wall Decal [Black] Cheshire Cat Qu...,1,amazon.com,Seller,Crestview,Florida,32536,32,4.71,0,0,2.57,-5.51,0,-0.07,0,33.7
"Jan 24, 2017 11:19:51 PM PST",6278310841,Order,105-1162389-5876231,LOVECOFFEE-WHT,"GMDdecals® Love and Coffee Inspired Quote Décor Wall Decal [WHITE] - 12"" x 24"" - Adhesive High Glossy Vinyl [3mil] **Made In USA** (Home Welcome House",1,amazon.com,Amazon,Cornwall,Pa,17016,16.79,0,0,0,0,-2.52,-3.02,0,0,11.25
"Jan 25, 2017 3:04:56 AM PST",6278310841,Transfer,,,"To your account ending in: 9429, Federal ACH Trace ID: 091000014350465",,,,,,,0,0,0,0,0,0,0,0,-719.8,-719.8
"Jan 25, 2017 2:55:25 PM PST",6278310841,Order,113-5119331-2960255,JAMES117-NVY,Good and Perfect Gift From Above James 1:17 Scripture Vinyl Wall Decal [Navy] Nursery Décor Baby Newborn Child Bedroom,1,amazon.com,Amazon,Eureka,MO,63025,16,0,0,0,0,-2.4,-3.02,0,0,10.58
"Jan 25, 2017 7:22:13 PM PST",6278310841,Order,109-8621050-3805006,Q3-VFIZ-UBPY,Alice Story Book Quote Set Vinyl Stairs or Wall Decal [Black] Cheshire Cat Qu...,1,amazon.com,Amazon,MINNEAPOLIS,MN,55428-1253,34.99,0,0,0,0,-5.25,-3.02,0,0,26.72
"Jan 25, 2017 7:29:39 PM PST",6278310841,Order,102-7052577-8723460,58-P5NK-DFU6,"GMDdecals Dr Seuss Quotes LARGE Assorted Sayings Vinyl Stairs or Wall Decal [GLOSSY BLACK]- 24"" wide by 2-4"" tall for EACH quote -Adhesive High Glossy",1,amazon.com,Amazon,LAVERGNE,TN,37086-2221,34.99,0,0,0,0,-5.25,-3.02,0,0,26.72
"Jan 26, 2017 12:11:06 PM PST",6278310841,Order,109-7429355-7460211,FAITHPOS-WHT,GMDdecals® Anything is Possible Faith Luke Bible Scripture Quote Vinyl Wall Decor Decals [GLOSSY WHITE]- 36 inches x 12 inches -Adhesive High Glossy V,1,amazon.com,Amazon,SAN DIEGO,CA,92128-1326,18,0,0,0,0,-2.7,-3.02,0,0,12.28
"Jan 26, 2017 1:12:31 PM PST",6278310841,Order,107-1205841-2794669,LTDKSIRIUS-TUR,Harry Potter Light & Dark Sirius Black Quote Vinyl Wall Decal Hogwarts [TURQUOISE],1,amazon.com,Seller,OMAHA,NE,68154-1188,20.99,4.59,0,0,0,-3.84,0,0,0,21.74
"Jan 26, 2017 1:12:32 PM PST",6278310841,Order,103-2357138-2515456,TY-G6HM-37AR,Dr Seuss Truffula Trees Assorted Set Vinyl Wall Decal Children Bedroom Nursery Décor Storybook Gift,1,amazon.com,Seller,Park Ridge,IL,60068,48,4.79,0,0,0,-7.92,0,0,0,44.87
"Jan 26, 2017 11:29:24 PM PST",6278310841,Order,002-8412275-6156200,JESUSGRM-BLK,GMDdecals® Jesus And Germs Are Everywhere Quote Vinyl Wall Decor Decal [GLOSSY BLACK]- 24 inches x 15 inches -Adhesive High Glossy Vinyl [3mil] **Made,1,amazon.com,Amazon,SOCIAL CIRCLE,GEORGIA,30025-4928,15.99,0,0,0,0,-2.4,-3.02,0,0,10.57
"Jan 27, 2017 2:19:54 AM PST",6278310841,Order,110-8149802-3432260,LevioSA-SIL,"GMDdecals Inspirational Wizard Hermione Harry Potter LevioSA Spell Inspirational Hogwarts Quote Vinyl Wall Decor Decal [GLOSSY SILVER]- 28"" x 12"" -Adh",1,amazon.com,Amazon,ORLANDO,FL,32819-8007,16.99,0,0,0,1.19,-2.55,-3.02,-0.03,0,12.58
"Jan 27, 2017 8:00:58 AM PST",6278310841,Order,105-4402576-1230631,ALICEQUOTES-CUST,Alice Story Book Quote Set Wall Decal (Custom),1,amazon.com,Seller,Dallas,GA,30132,34.99,4.49,0,0,0,-5.92,0,0,0,33.56
"Jan 27, 2017 8:00:58 AM PST",6278310841,Order,110-1428393-1277831,SN-31GR-ZWSC,Movie Quote Set LARGE Assorted Sayings Vinyl Stairs or Wall Decal [BLACK] Film Cinema Classic Famous Inspiring Home Décor Welcome Housewarming Wedding,1,amazon.com,Seller,MALVERN,IA,51551-5227,32,4.64,0,0,0,-5.5,0,0,0,31.14
"Jan 27, 2017 8:01:00 AM PST",6278310841,Order,108-5593290-4252208,SN-31GR-ZWSC,Movie Quote Set LARGE Assorted Sayings Vinyl Stairs or Wall Decal [BLACK] Film Cinema Classic Famous Inspiring Home Décor Welcome Housewarming Wedding,1,amazon.com,Seller,EVANSTON,IL,60201-1750,24.99,4.64,0,0,0,-4.44,0,0,0,25.19
"Jan 27, 2017 8:01:00 AM PST",6278310841,Order,112-1133174-0550615,LTDKSIRIUS-GLD,Harry Potter Light & Dark Sirius Black Quote Vinyl Wall Decal Hogwarts [GOLD],1,amazon.com,Seller,SLIDELL,LA,70458-1726,16.99,4.54,0,0,0,-3.23,0,0,0,18.3
"Jan 27, 2017 8:01:00 AM PST",6278310841,Order,104-1822783-2156205,96-3YGZ-59C7,"GMDdecals Harry Potter Ministry of Magic Bathroom Toilet Vinyl Wall Decor Decals [GLOSSY BLACK/GOLD]- 10"" x 11""-Adhesive High Glossy Vinyl [3mil]Made",1,amazon.com,Seller,DES MOINES,IA,50316-3847,13.99,4.57,0,0,0,-2.78,0,0,0,15.78
"Jan 27, 2017 8:13:19 AM PST",6278310841,Order,105-2143273-7109069,C0-LVMK-Y8ST,GMDdecals® UNLESS Dr Seuss Quote Vinyl Wall Decal Lorax Truffula Trees Design Vinyl Quote Decor Wall Decal [GLOSSY BLACK]- 28 inches x 12 inches -Adhe,1,amazon.com,Seller,Lehighton,PA,18235,16.99,4.57,0,0,0,-3.23,0,0,0,18.33
"Jan 27, 2017 8:31:02 PM PST",6281159941,Order,115-3436824-4597852,Q3-VFIZ-UBPY,Alice Story Book Quote Set Vinyl Stairs or Wall Decal [Black] Cheshire Cat Qu...,1,amazon.com,Amazon,BLOOMINGTON,IL,61704-6281,24.99,0,0,0,0,-3.75,-3.02,0,0,18.22
"Jan 27, 2017 9:30:31 PM PST",6281159941,Order,002-3650655-3721014,LTDKSIRIUS-BLK,"GMDdecals ""We've All Got Light and Dark"" Inspirational Wizard Potter Sirius Black Quote -Vinyl Wall Decal Decor- [GLOSSY BLACK]- 24"" x 15""",1,amazon.com,Seller,Chesapeake,Virginia,23322,18.99,4.54,0,0,0,-3.53,0,0,0,20
"Jan 27, 2017 9:30:32 PM PST",6281159941,Order,112-6709614-3909030,PI-6U0R-KV33,GMDdecals Love and Coffee Inspired Quote Décor Wall Decal [BLACK]- 12 Inches x 24 Inches - Adhesive High Glossy Vinyl [3mil]Made In USA (Suggested: Ho,1,amazon.com,Seller,CAMERON,MO,64429-9794,16.99,4.57,0,0,0,-3.23,0,0,0,18.33
"Jan 27, 2017 9:30:33 PM PST",6281159941,Order,105-1586007-1447457,SN-31GR-ZWSC,Movie Quote Set LARGE Assorted Sayings Vinyl Stairs or Wall Decal [BLACK] Film Cinema Classic Famous Inspiring Home Décor Welcome Housewarming Wedding,1,amazon.com,Seller,Farmingdale,NY,11735,24.99,4.64,0,0,0,-4.44,0,0,0,25.19
"Jan 27, 2017 9:30:33 PM PST",6281159941,Order,104-8867161-0642609,58-P5NK-DFU6,"GMDdecals Dr Seuss Quotes LARGE Assorted Sayings Vinyl Stairs or Wall Decal [GLOSSY BLACK]- 24"" wide by 2-4"" tall for EACH quote -Adhesive High Glossy",1,amazon.com,Seller,HACKETTSTOWN,NJ,07840-1402,24.99,4.67,0,0,0,-4.45,0,0,0,25.21
"Jan 27, 2017 9:30:35 PM PST",6281159941,Order,110-3206098-7453823,TY-G6HM-37AR,Dr Seuss Truffula Trees Assorted Set Vinyl Wall Decal Children Bedroom Nursery Décor Storybook Gift,1,amazon.com,Seller,GALESBURG,IL,61401-4708,32.99,4.79,0,0,0,-5.67,0,0,0,32.11
"Jan 28, 2017 1:50:36 AM PST",6281159941,Order,103-4788320-1612206,LevioSA-SIL,"GMDdecals Inspirational Wizard Hermione Harry Potter LevioSA Spell Inspirational Hogwarts Quote Vinyl Wall Decor Decal [GLOSSY SILVER]- 28"" x 12"" -Adh",1,amazon.com,Amazon,BETHLEHEM,PA,18017-2758,16.99,0,0,0,0,-2.55,-3.02,0,0,11.42
"Jan 28, 2017 1:50:43 AM PST",6281159941,Order,103-7380491-0363417,LevioSA-SIL,"GMDdecals Inspirational Wizard Hermione Harry Potter LevioSA Spell Inspirational Hogwarts Quote Vinyl Wall Decor Decal [GLOSSY SILVER]- 28"" x 12"" -Adh",1,amazon.com,Amazon,BETHLEHEM,PA,18017-2758,16.99,0,0,0,0,-2.55,-3.02,0,0,11.42
"Jan 28, 2017 12:33:18 PM PST",6281159941,Order,104-8968917-3702622,96-3YGZ-59C7,"GMDdecals Harry Potter Ministry of Magic Bathroom Toilet Vinyl Wall Decor Decals [GLOSSY BLACK/GOLD]- 10"" x 11""-Adhesive High Glossy Vinyl [3mil]Made",1,amazon.com,Seller,EAST YAPHANK,NEW YORK,11967-1206,12.99,4.57,0,0,0,-2.63,0,0,0,14.93
"Jan 28, 2017 5:51:41 PM PST",6281159941,Order,115-9408294-6991464,SRNTYWIDE-BLK,Serenity Prayer Wide Bible Scripture Quote Vinyl Wall Decal [Black] Bible Scripture Home Décor Welcome Housewarming Wedding Anniversary Birthday Gift,1,amazon.com,Amazon,WACO,TX,76705-1330,16.99,0,0,0,0,-2.55,-3.02,0,0,11.42
"Jan 28, 2017 8:32:27 PM PST",6281159941,Order,108-5730663-1661024,I4-KTLR-PPKL,New Beginnings Lao Tzu Quote Vinyl Wall Decal Home Décor Welcome Housewarming Wedding Anniversary Birthday Gift Taoism Chinese Philosophy Tao Te Ching,1,amazon.com,Amazon,GOLDSBORO,NC,27530-8414,14.99,0,0,0,0,-2.25,-3.02,0,0,9.72
"Jan 29, 2017 12:19:48 AM PST",6281159941,Order,104-1983844-8097869,7O-493Z-ZKKC,Dare To Dance The Tide Quote Vinyl Wall Decal Country Music Home Décor Welcome Housewarming Wedding Anniversary Birthday Gift,1,amazon.com,Amazon,KATY,TX,77450-7528,12.99,6.53,0,0,0,-1.95,-9.55,0,0,8.02
"Jan 29, 2017 12:27:03 AM PST",6281159941,Adjustment,,LevioSA-TUR,FBA Inventory Reimbursement - Lost:Warehouse,1,,,,,,0,0,0,0,0,0,0,0,14.05,14.05
"Jan 29, 2017 6:06:28 AM PST",6281159941,Transfer,,,"To your account ending in: 9429, Federal ACH Trace ID: 091000010154781",,,,,,,0,0,0,0,0,0,0,0,-636.26,-636.26
"Jan 29, 2017 6:20:50 PM PST",6281159941,Order,107-6906893-8457012,1212allcolor,"12 Inch X 12 Inch Glossy Vinyl Sheet(s) (25 Sheets, Full Color Palette) for Vinyl Decals Craft Die Cutter Machine Plotter",1,amazon.com,Amazon,SAN ANTONIO,TX,78209-6433,26,0,0,0,0,-3.9,-4.01,0,0,18.09
"Jan 29, 2017 8:30:59 PM PST",6281159941,Order,111-8675823-0481024,Q3-VFIZ-UBPY,Alice Story Book Quote Set Vinyl Stairs or Wall Decal [Black] Cheshire Cat Qu...,1,amazon.com,Amazon,ROUND LAKE,IL,60073-5224,24.99,0,0,0,0,-3.75,-3.02,0,0,18.22
"Jan 29, 2017 11:23:18 PM PST",6281159941,Order,104-2747954-5715406,ALICEQUOTES-WHT,"GMDdecals Alice In Wonderland Story Book Quote Set Vinyl Stair Decals or Wall Quote Decor Decals [GLOSSY WHITE]- 24"" x 2-4"" per quote -Adhesive High G",1,amazon.com,Amazon,SHREWSBURY,MA,01545-1696,24.99,0,0,0,0,-3.75,-3.02,0,0,18.22
"Jan 30, 2017 12:57:04 AM PST",6281159941,Order,111-2184845-9833860,UNLESS-ORG,UNLESS Dr Seuss Quote Vinyl Wall Decal Lorax Truffula Trees Design [Orange] Children Bedroom Nursery Décor Storybook Gift Storybook Gift,1,amazon.com,Amazon,Aviston,IL,62216,14.4,0,0,0,0,-2.16,-3.02,0,0,9.22
"Jan 30, 2017 9:33:24 AM PST",6281159941,Order,113-0848111-9176206,0Z-0D15-Y80E,Dr Seuss Truffula Trees Assorted Set Vinyl Wall Decal Children Bedroom Nursery Décor Storybook Gift,1,amazon.com,Amazon,THORNTON,CO,80229-3050,30.99,0,0,0,0,-4.65,-3.02,0,0,23.32
"Jan 30, 2017 12:18:00 PM PST",6281159941,Order,113-8156382-8891413,DMBLDR-BLK,"GMDdecals Inspirational Wizard Potter Dumbledore Quote Vinyl Wall Decor Decal, ""It's Our Choices That Show Who We Really Are"", Glossy Black",1,amazon.com,Amazon,Waleska,GA,30183-3913,12.99,0,0,0,0,-1.95,-3.02,0,0,8.02
"Jan 30, 2017 3:19:51 PM PST",6281159941,Order,112-6118139-5061864,LevioSA-SIL,"GMDdecals Inspirational Wizard Hermione Harry Potter LevioSA Spell Inspirational Hogwarts Quote Vinyl Wall Decor Decal [GLOSSY SILVER]- 28"" x 12"" -Adh",1,amazon.com,Amazon,NASHUA,NH,03063-2515,16.99,0,0,0,0,-2.55,-3.02,0,0,11.42
"Jan 30, 2017 5:40:23 PM PST",6281159941,Order,107-0107907-0874670,ITHMIL-WHT,"GMDdecals® In This ""House We Do Military"" Quote Vinyl Wall Decor Decals [GLOSSY WHITE]- 24"" x 12"" -Adhesive High Glossy Vinyl [3mil] **Made In USA**",1,amazon.com,Amazon,LAS VEGAS,NV,89148-2721,14.99,0,0,0,0,-2.25,-3.02,0,0,9.72
"Jan 30, 2017 6:16:15 PM PST",6281159941,Order,109-4728725-4389814,9K-VBPS-C0G0,"GMDdecals BONKERSFUNKYBLK Alice in Wonderland Quote Adhesive, Glossy Black",1,amazon.com,Amazon,CARSON CITY,NV,89706-3054,16.99,1.21,0,-2.91,0,-2.29,-3.02,0,0,9.98
"Jan 30, 2017 6:16:15 PM PST",6281159941,Order,109-4728725-4389814,A2-MYXP-2452,Curiouser and Curiouser Alice In Wonderland Vinyl Wall Decal [Purple & White] Cheshire Cat Quote Mad Hatter Storybook Home Décor Welcome Housewarming,1,amazon.com,Amazon,CARSON CITY,NV,89706-3054,12.99,1.22,0,-2.52,0,-1.75,-1.56,0,0,8.38
"Jan 30, 2017 7:30:09 PM PST",6281159941,Order,110-5878861-4654634,SRNTYWIDE-WHT,Serenity Prayer Wide Bible Scripture Quote Vinyl Wall Decal [White] Bible Scripture Home Décor Welcome Housewarming Wedding Anniversary Birthday Gift,1,amazon.com,Amazon,LONG BEACH,NY,11561-2192,16.99,0,0,0,0,-2.55,-3.02,0,0,11.42
"Jan 30, 2017 8:26:52 PM PST",6281159941,Order,113-8062082-7361030,SRNTYFNCY-RED,Serenity Prayer Fancy Bible Scripture Quote Vinyl Wall Decal [RED] Bible Scri...,1,amazon.com,Seller,WEBSTER,TX,77598-2025,20.99,4.59,0,0,0,-3.84,0,0,0,21.74
"Jan 30, 2017 8:26:54 PM PST",6281159941,Order,107-0883108-1440248,BQ-X7JH-BJSL,Movie Quote Set LARGE Assorted Sayings Vinyl Stairs or Wall Decal [BLACK] Film Cinema Classic Famous Inspiring Home Décor Welcome Housewarming Wedding,1,amazon.com,Seller,BLACKSBURG,SC,29702-9571,24.99,4.64,0,0,0,-4.44,0,0,0,25.19
"Jan 30, 2017 8:26:54 PM PST",6281159941,Order,106-5266229-3435432,CI-U396-O8H0,Alice Story Book Quote Set Vinyl Stairs or Wall Decal [Black] Cheshire Cat Qu...,1,amazon.com,Seller,Laguna Niguel,CA,92677,24.99,4.71,0,0,0,-4.46,0,0,0,25.24
"Jan 30, 2017 8:26:55 PM PST",6281159941,Order,103-0712829-6026662,BQ-X7JH-BJSL,Movie Quote Set LARGE Assorted Sayings Vinyl Stairs or Wall Decal [BLACK] Film Cinema Classic Famous Inspiring Home Décor Welcome Housewarming Wedding,1,amazon.com,Seller,LA PLATA,MD,20646-3220,24.99,4.64,0,0,0,-4.44,0,0,0,25.19
"Jan 30, 2017 8:26:55 PM PST",6281159941,Order,107-3658033-8766619,BQ-X7JH-BJSL,Movie Quote Set LARGE Assorted Sayings Vinyl Stairs or Wall Decal [BLACK] Film Cinema Classic Famous Inspiring Home Décor Welcome Housewarming Wedding,1,amazon.com,Seller,ISANTI,MN,55040-6011,24.99,4.64,0,0,0,-4.44,0,0,0,25.19
"Jan 30, 2017 8:26:56 PM PST",6281159941,Order,109-8709531-0296261,DRSQUOTES-MIX,"GMDdecals Dr Seuss Quotes LARGE Assorted Sayings Vinyl Stairs or Wall Decal [GLOSSY GREEN/AQUA/RED/YELLOW]- 24"" wide by 2-4"" tall for EACH quote -Adhe",1,amazon.com,Seller,WEST HAZLETON,PA,18202-3729,24.99,4.68,0,0,0,-4.45,0,0,0,25.22
"Jan 30, 2017 8:26:56 PM PST",6281159941,Order,108-6913149-7681852,BLRNASET-BLK,"GMDdecals Ballerina Set LARGE Decal Set of Three Dance Ballet Vinyl Wall Decor Decals [GLOSSY BLACK]- 22"" x 54"" each quote -Adhesive High Glossy Vinyl",1,amazon.com,Seller,MIDDLETOWN,MD,21769-6632,28.99,4.94,0,0,0,-5.09,0,0,0,28.84
"Jan 30, 2017 8:26:57 PM PST",6281159941,Order,106-8757368-0605059,17-6D4P-0WH4,"Alice In Wonderland ""Six Impossible Things Before Breakfast"" Vinyl Wall Decal FANCY [Black & Turquoise] Cheshire Cat Quote Mad Hatter Storybook Home D",1,amazon.com,Seller,DYERSVILLE,IA,52040-1504,16.99,4.5,0,0,0,-2.58,0,0,0,18.91
"Jan 30, 2017 8:26:58 PM PST",6281159941,Order,104-1957832-4382668,LTDKSIRIUS-BLK,"GMDdecals ""We've All Got Light and Dark"" Inspirational Wizard Potter Sirius Black Quote -Vinyl Wall Decal Decor- [GLOSSY BLACK]- 24"" x 15""",1,amazon.com,Seller,WALTERBORO,SOUTH CAROLINA,29488-9792,18.99,4.54,0,0,0,-3.53,0,0,0,20
"Jan 30, 2017 8:26:58 PM PST",6281159941,Order,112-2370394-4827462,K0-TS0V-2QDX,Dr Seuss Those Who Matter Dont Mind Quote Vinyl Wall Decal Children Bedroom N...,1,amazon.com,Seller,RIVERSIDE,CA,92503-2171,14.99,4.74,0,0,0,-2.96,0,0,0,16.77
"Jan 30, 2017 8:27:00 PM PST",6281159941,Order,116-5362961-9933848,LTDKSIRIUS-BLK,"GMDdecals ""We've All Got Light and Dark"" Inspirational Wizard Potter Sirius Black Quote -Vinyl Wall Decal Decor- [GLOSSY BLACK]- 24"" x 15""",1,amazon.com,Seller,Fairfield,OH,45014,18.99,4.54,0,0,0,-3.53,0,0,0,20
"Jan 31, 2017 1:35:19 AM PST",6283320351,Order,103-6194415-6109808,Q3-VFIZ-UBPY,Alice Story Book Quote Set Vinyl Stairs or Wall Decal [Black] Cheshire Cat Qu...,1,amazon.com,Amazon,KANSAS CITY,MO,64153-3646,24.99,0,0,0,0,-3.75,-3.02,0,0,18.22
"Jan 31, 2017 3:23:08 AM PST",6283320351,Order,112-3525491-9942613,LTDKSIRIUS-BLK,"GMDdecals ""We've All Got Light and Dark"" Inspirational Wizard Potter Sirius Black Quote -Vinyl Wall Decal Decor- [GLOSSY BLACK]- 24"" x 15""",1,amazon.com,Amazon,INDEPENDENCE,MO,64052-1431,18.99,0,0,0,0,-2.85,-3.02,0,0,13.12
"Jan 31, 2017 9:03:22 AM PST",6283320351,Order,107-9607531-8295466,Q3-VFIZ-UBPY,Alice Story Book Quote Set Vinyl Stairs or Wall Decal [Black] Cheshire Cat Qu...,1,amazon.com,Amazon,HIGGINSVILLE,MO,64037-1753,24.99,0,0,0,0,-3.75,-3.02,0,0,18.22
"Jan 31, 2017 9:34:10 AM PST",6283320351,Order,113-4835747-9826640,Q3-VFIZ-UBPY,Alice Story Book Quote Set Vinyl Stairs or Wall Decal [Black] Cheshire Cat Qu...,1,amazon.com,Amazon,SEATTLE,WA,98117-6032,24.99,0,0,0,0,-3.75,-3.02,0,0,18.22
"Jan 31, 2017 11:06:04 AM PST",6283320351,Order,115-1488484-4928236,0Z-0D15-Y80E,Dr Seuss Truffula Trees Assorted Set Vinyl Wall Decal Children Bedroom Nursery Décor Storybook Gift,1,amazon.com,Amazon,STERLING,VA,20165-5730,30.99,0,0,0,0,-4.65,-3.02,0,0,23.32
"Jan 31, 2017 4:10:35 PM PST",6283320351,Order,113-0453383-4899408,0Z-0D15-Y80E,Dr Seuss Truffula Trees Assorted Set Vinyl Wall Decal Children Bedroom Nursery Décor Storybook Gift,1,amazon.com,Amazon,Kingsland,TX,78639,32.99,0,0,0,0,-4.95,-3.02,0,0,25.02
"Jan 31, 2017 6:18:36 PM PST",6283320351,Order,106-1566444-0089026,DMBLDR-BLK,"GMDdecals Inspirational Wizard Potter Dumbledore Quote Vinyl Wall Decor Decal, ""It's Our Choices That Show Who We Really Are"", Glossy Black",1,amazon.com,Amazon,DALLAS,GA,30157-7495,12.99,0,0,0,0,-1.95,-3.02,0,0,8.02
"Jan 31, 2017 8:34:08 PM PST",6283320351,Order,115-9390789-9524268,ALICEQUOTES-WHT,"GMDdecals Alice In Wonderland Story Book Quote Set Vinyl Stair Decals or Wall Quote Decor Decals [GLOSSY WHITE]- 24"" x 2-4"" per quote -Adhesive High G",1,amazon.com,Amazon,CITRUS HEIGHTS,CA,95610-0394,24.99,0,0,0,0,-3.75,-3.02,0,0,18.22
"Jan 31, 2017 9:30:19 PM PST",6283320351,Order,116-4584073-9159442,DMBLDR-BLK,"GMDdecals Inspirational Wizard Potter Dumbledore Quote Vinyl Wall Decor Decal, ""It's Our Choices That Show Who We Really Are"", Glossy Black",1,amazon.com,Amazon,ST LOUIS PARK,MN,55416-2738,12.99,0,0,0,0,-1.95,-3.02,0,0,8.02
"Jan 31, 2017 11:51:45 PM PST",6283320351,Order,110-6083253-3233028,LTDKSIRIUS-BLK,"GMDdecals ""We've All Got Light and Dark"" Inspirational Wizard Potter Sirius Black Quote -Vinyl Wall Decal Decor- [GLOSSY BLACK]- 24"" x 15""",1,amazon.com,Amazon,AUSTIN,TX,78749-1150,18.99,0,0,0,0,-2.85,-3.02,0,0,13.12